freq_radius,gt_avg,classical_avg,deep_avg
0.0,1.0,1.0,1.0
0.18018018018018017,0.8280974830660348,0.8280834530378453,0.8281037754350994
0.36036036036036034,0.6561949661320698,0.6561669060756903,0.6562075508701991
0.5405405405405406,0.4842924491981046,0.48425035911353537,0.48431132630529844
0.7207207207207207,0.3123899322641395,0.3123338121513807,0.312415101740398
0.9009009009009008,0.15118598188070426,0.15111647754002314,0.15121698180843332
1.0810810810810811,0.044765823487155916,0.04468910367647499,0.044794367242389235
1.2612612612612613,0.03692990351630509,0.03685482133758951,0.03694656938175832
1.4414414414414414,0.03071533282651997,0.03064217097727845,0.03071940780724528
1.6216216216216215,0.02450076213673485,0.024429520616967394,0.024492246232732242
1.8018018018018016,0.018286191446949727,0.018216870256656338,0.018265084658219202
1.981981981981982,0.012716854608598584,0.012649509443456617,0.012684311301689904
2.1621621621621623,0.010304416049151884,0.010240863161174504,0.010269571665177373
2.3423423423423424,0.008986969513508056,0.008927461093036129,0.008952099725051368
2.5225225225225225,0.00769055152683541,0.007635095952363481,0.007655727513891641
2.7027027027027026,0.006394133540162761,0.006342730811690833,0.006359355302731915
2.8828828828828827,0.0051065926773866755,0.005059153991002154,0.005071783189905714
3.063063063063063,0.004260950578932372,0.004215588072572767,0.00422567352803599
3.243243243243243,0.003909457859608953,0.0038635188791468038,0.003872419402928144
3.423423423423423,0.0036531969983796576,0.0036063404967114354,0.0036144124779029945
3.603603603603603,0.003397091949965515,0.0033493243976180182,0.0033565704879390075
3.7837837837837838,0.0031409869015513727,0.0030923082985246006,0.00309872849797502
3.963963963963964,0.0028792034809443845,0.002830025370132815,0.0028356392622806677
4.144144144144144,0.0026513374644096806,0.0026027993923494358,0.002607828589541307
4.324324324324325,0.002419059011013105,0.002372038780238687,0.0023765538214777335
4.504504504504505,0.002188530249452799,0.002143037619340705,0.0021470442004011252
4.684684684684685,0.0019581264658807985,0.0019141621335293502,0.0019176606612521577
4.864864864864865,0.0017339372633696354,0.001691481186125695,0.0016944768040965115
5.045045045045045,0.0015367025390922418,0.0014953876182786834,0.0014980047184291636
5.225225225225225,0.0014114679840849058,0.0013704143660148358,0.0013728871482334485
5.405405405405405,0.0012967064956489927,0.0012558418321391214,0.0012582052926270358
5.585585585585585,0.0011819450072130797,0.001141269298263407,0.001143523437020623
5.7657657657657655,0.0010671835187771666,0.0010266967643876926,0.0010288415814142106
5.945945945945946,0.0009680984245158619,0.0009276599873724483,0.0009297180490550477
6.126126126126126,0.0009095999008784031,0.0008676400034683982,0.0008696374701309713
6.306306306306306,0.0008914258725923323,0.000847145797211842,0.0008491385566804984
6.486486486486486,0.0008757978071698928,0.000829141871836888,0.000831128784653807
6.666666666666666,0.0008601697417474532,0.0008111379464619342,0.0008131190126271155
6.846846846846846,0.0008445416763250138,0.00079313402108698,0.000795109240600424
7.027027027027026,0.0008241819029227189,0.0007712443483757139,0.000773225484148063
7.207207207207206,0.0007796702717792056,0.0007275890790876163,0.0007295143671319673
7.387387387387387,0.0007345683420562757,0.0006836556357415095,0.0006855414899901891
7.5675675675675675,0.0006895964915168968,0.0006398532874732491,0.0006416998879494694
7.747747747747748,0.0006446246409775181,0.000596050939204989,0.0005978582859087498
7.927927927927928,0.0006010237982263683,0.0005535260784817759,0.0005552863577045235
8.108108108108107,0.0005674913545718902,0.0005206835795439306,0.000522388758891267
8.288288288288287,0.0005437200664412967,0.0004971085891986089,0.0004987328310192081
8.468468468468467,0.0005199942513807154,0.00047358454667678136,0.0004751285327045553
8.64864864864865,0.0004962750979800719,0.0004500679678488413,0.00045153179795563687
8.82882882882883,0.00047285115672818337,0.0004268375630256778,0.0004282213087230418
9.00900900900901,0.0004501429534230853,0.00040442235612496246,0.0004057451741553841
9.18918918918919,0.0004277606916630888,0.0003829014836121031,0.00038426519667789647
9.36936936936937,0.0004065587324385854,0.00036260704978138353,0.0003640242742804202
9.54954954954955,0.00038535677321408196,0.00034231261595066384,0.000343783351882944
9.72972972972973,0.0003641548139895786,0.00032201818211994427,0.0003235424294854679
9.90990990990991,0.00034316912389547097,0.00030192404317672,0.000303506739935463
10.09009009009009,0.00032688360739448793,0.0002863911461931943,0.0002880244930834033
10.27027027027027,0.00031596417882062385,0.0002760262528533282,0.00027771511352241477
10.45045045045045,0.0003050390479324908,0.00026565940050630375,0.0002674044919445222
10.63063063063063,0.0002941139170443578,0.00025529254815927937,0.00025709387036662964
10.81081081081081,0.00028318878615622484,0.00024492569581225493,0.0002467832487887371
10.99099099099099,0.00027213665599951174,0.00023445679857734856,0.00023635947451537638
11.17117117117117,0.0002662029196998978,0.00022812025734139855,0.00023011192745412096
11.35135135135135,0.0002604812399829088,0.00022196574433814477,0.00022403739406686544
11.531531531531531,0.0002547191072953313,0.0002157735615126399,0.00021792472634118106
11.711711711711711,0.00024895697460775365,0.0002095813786871351,0.00021181205861549668
11.891891891891891,0.00024317654940653687,0.00020338087037727798,0.00020569111810874737
12.072072072072071,0.00023739783173288507,0.00019735867344816273,0.00019977549479098834
12.252252252252251,0.00023072516403666163,0.0001907577930435347,0.00019331672598227366
12.432432432432432,0.0002242432951453046,0.00018434508600871717,0.0001870477558863401
12.612612612612612,0.00021778735049433586,0.00017795808594304628,0.00018080440823298101
12.792792792792792,0.00021133968963384548,0.0001715789759558319,0.00017456899599141152
12.972972972972972,0.00020468031249258863,0.00016505457802886743,0.00016818159475038365
13.153153153153152,0.00019863965902209012,0.0001591046437215617,0.00016234465773039443
13.333333333333332,0.00019244270552483972,0.0001530794765682768,0.00015641930120349485
13.513513513513512,0.00018624575202758924,0.00014705430941499184,0.00015049394467659527
13.693693693693692,0.00018004879853033873,0.00014102914226170695,0.00014456858814969572
13.873873873873872,0.00017388015154401492,0.0001350310110035963,0.00013867087279294873
14.054054054054053,0.00016870304101015754,0.00012991739034077198,0.00013367298667346279
14.234234234234233,0.0001647482179977077,0.00012604150586257687,0.00012992487150415954
14.414414414414413,0.00016108224908439604,0.00012239161952523403,0.0001264090172350773
14.594594594594595,0.0001574162801710843,0.00011874173318789112,0.00012289316296599509
14.774774774774775,0.00015375031125777262,0.00011509184685054826,0.00011937730869691289
14.954954954954955,0.00015017219834055441,0.00011152089496630356,0.00011593945035079844
15.135135135135135,0.0001464499750235534,0.00010801947270531987,0.00011258113003791015
15.315315315315315,0.00014272890665951714,0.0001045760346662213,0.00010928409093081897
15.495495495495495,0.0001390495103985938,0.00010117406080185078,0.00010602786239953825
15.675675675675675,0.00013537011413767042,9.777208693748027e-05,0.00010277163386825756
15.855855855855856,0.00013169317585817148,9.43717780714265e-05,9.951723977302988e-05
16.036036036036034,0.00012812415547967375,9.106044794264797e-05,9.63559908847044e-05
16.216216216216214,0.0001256202268856745,8.864353616606527e-05,9.4109233417177e-05
16.396396396396394,0.00012305215030071479,8.617316048691121e-05,9.18086409841097e-05
16.576576576576574,0.00012046349095194495,8.368435435295569e-05,8.948964938054487e-05
16.756756756756754,0.00011787483160317512,8.119554821900017e-05,8.717065777698001e-05
16.936936936936934,0.0001152312680222812,7.867438661696002e-05,8.481413446723012e-05
17.117117117117115,0.00011131514805184382,7.555908094365872e-05,8.17302542576641e-05
17.2972972972973,0.00010646025897502263,7.194804704451898e-05,7.806342430040434e-05
17.47747747747748,0.00010165445186000727,6.837439288541008e-05,7.443580673326994e-05
17.65765765765766,9.685230483271349e-05,6.480410343154212e-05,7.081157564689353e-05
17.83783783783784,9.201111142646815e-05,6.119973953575927e-05,6.715307131615852e-05
18.01801801801802,8.731295604581365e-05,5.765911976751227e-05,6.356014748278747e-05
18.1981981981982,8.40652293465888e-05,5.501416605100149e-05,6.0886047917071094e-05
18.37837837837838,8.073523286089198e-05,5.2281086579918293e-05,5.812287640279179e-05
18.55855855855856,7.740523637519517e-05,4.95480071088351e-05,5.53597048885125e-05
18.73873873873874,7.407523988949835e-05,4.681492763775191e-05,5.259653337423319e-05
18.91891891891892,7.083939777155566e-05,4.415477569930941e-05,4.991269563220205e-05
19.0990990990991,6.882451149951458e-05,4.235101052858546e-05,4.8192905983499304e-05
19.27927927927928,6.791459825139515e-05,4.1307169097742776e-05,4.733607683507677e-05
19.45945945945946,6.705514874569007e-05,4.0310528254556646e-05,4.652713629091454e-05
19.63963963963964,6.619569923998502e-05,3.931388741137052e-05,4.571819574675232e-05
19.81981981981982,6.533590878826578e-05,3.831702933802622e-05,4.490898378710118e-05
20.0,6.437045845520117e-05,3.729876692507675e-05,4.404824299409647e-05
20.18018018018018,6.220746769378498e-05,3.581333261153776e-05,4.2469149697819336e-05
20.36036036036036,5.992427228660753e-05,3.429413508988267e-05,4.082582166932453e-05
20.54054054054054,5.764800831562385e-05,3.278089977232487e-05,3.9188575174772846e-05
20.72072072072072,5.537174434464017e-05,3.126766445476707e-05,3.755132868022116e-05
20.9009009009009,5.308748983712406e-05,2.975211802662188e-05,3.591019113638172e-05
21.08108108108108,5.1276056170231106e-05,2.8494369047051906e-05,3.4566023302291677e-05
21.26126126126126,5.004134496446379e-05,2.756784334307217e-05,3.359155650136858e-05
21.44144144144144,4.8798780949127465e-05,2.6634223309396266e-05,3.261127292766764e-05
21.62162162162162,4.7556024116275224e-05,2.570037579790393e-05,3.163073264766829e-05
21.8018018018018,4.6317148230987676e-05,2.47700922698326e-05,3.0653753206531535e-05
21.98198198198198,4.511663735466458e-05,2.386669387443457e-05,2.970395197714184e-05
22.16216216216216,4.430928015305858e-05,2.314067246451558e-05,2.905947560690945e-05
22.34234234234234,4.3601552803917555e-05,2.247553517645507e-05,2.849045065939813e-05
22.52252252252252,4.2893825454776524e-05,2.1810397888394568e-05,2.792142571188681e-05
22.7027027027027,4.21860981056355e-05,2.114526060033407e-05,2.735240076437549e-05
22.882882882882882,4.146586056505765e-05,2.0468875826635772e-05,2.6771357049276624e-05
23.063063063063062,4.0477071940795605e-05,1.971565592680009e-05,2.6020744241939525e-05
23.243243243243242,3.896895554884393e-05,1.881576081878188e-05,2.4943199175905086e-05
23.423423423423422,3.745088708165216e-05,1.7903150999335693e-05,2.3854080342514917e-05
23.603603603603602,3.59328186144604e-05,1.6990541179889508e-05,2.2764961509124745e-05
23.783783783783782,3.4414750147268636e-05,1.607793136044332e-05,2.1675842675734576e-05
23.963963963963963,3.293714756730979e-05,1.5216482879341582e-05,2.0637159514187076e-05
24.144144144144143,3.1921195237683356e-05,1.459091073768262e-05,1.9948154278948055e-05
24.324324324324323,3.1044853727935795e-05,1.4069815592973117e-05,1.9390905827398484e-05
24.504504504504503,3.0184734695323172e-05,1.35626022684538e-05,1.884757568947188e-05
24.684684684684683,2.9324615662710543e-05,1.3055388943934481e-05,1.8304245551545283e-05
24.864864864864863,2.8466419545584934e-05,1.254878188466916e-05,1.7762012953752878e-05
25.045045045045043,2.7693511826623467e-05,1.2062373088832205e-05,1.7254279384696423e-05
25.225225225225223,2.7255445933025768e-05,1.1699564017925647e-05,1.6918585342760654e-05
25.405405405405403,2.6818021903599248e-05,1.1335807631592817e-05,1.658164293112858e-05
25.585585585585584,2.6372961702692936e-05,1.096604852295599e-05,1.6238631873775182e-05
25.765765765765764,2.5929719673170635e-05,1.0597629065815169e-05,1.5897003605884116e-05
25.945945945945944,2.547024308187588e-05,1.0225568746140015e-05,1.5546517304293524e-05
26.126126126126124,2.512450294222908e-05,9.909847724476665e-06,1.527577412423627e-05
26.306306306306304,2.4803331087401452e-05,9.615912226455776e-06,1.5027299384770429e-05
26.486486486486484,2.4482159232573826e-05,9.321976728434885e-06,1.4778824645304584e-05
26.666666666666664,2.4160987377746194e-05,9.028041230413998e-06,1.4530349905838741e-05
26.846846846846844,2.3843256424614725e-05,8.737870051983828e-06,1.4285537940786716e-05
27.027027027027025,2.355345777149927e-05,8.48355187740842e-06,1.4063544793874165e-05
27.207207207207205,2.2925139509344613e-05,8.216827792425727e-06,1.3679434255783126e-05
27.387387387387385,2.236715695545725e-05,7.984277560556489e-06,1.3339227836614598e-05
27.567567567567565,2.1809174401569884e-05,7.75172732868725e-06,1.299902141744607e-05
27.747747747747745,2.1251191847682513e-05,7.51917709681801e-06,1.265881499827754e-05
27.927927927927925,2.068509897696096e-05,7.283138653908317e-06,1.2313824812527525e-05
28.108108108108105,2.0289106199952385e-05,7.076115507350039e-06,1.2039374368468391e-05
28.288288288288285,1.999009010291331e-05,6.8822536380751055e-06,1.180295637679582e-05
28.468468468468465,1.969013624708401e-05,6.687657929246373e-06,1.1565725355142207e-05
28.648648648648646,1.93901823912547e-05,6.493062220417641e-06,1.1328494333488593e-05
28.828828828828826,1.9090228535425398e-05,6.29846651158891e-06,1.1091263311834982e-05
29.00900900900901,1.883797829804111e-05,6.122700814593899e-06,1.0884838313748004e-05
29.18918918918919,1.871171935718535e-05,5.9885277966179046e-06,1.0774418706431621e-05
29.36936936936937,1.861571271987603e-05,5.864617532080875e-06,1.0682113339848817e-05
29.54954954954955,1.8523244596699678e-05,5.743162382753685e-06,1.0592464314768216e-05
29.72972972972973,1.8430776473523328e-05,5.6217072334264965e-06,1.0502815289687616e-05
29.90990990990991,1.833830835034697e-05,5.500252084099309e-06,1.0413166264607015e-05
30.09009009009009,1.8187735293935223e-05,5.374178974415022e-06,1.0284533224148572e-05
30.27027027027027,1.7979011598876477e-05,5.244552250161875e-06,1.0120749730060784e-05
30.45045045045045,1.7770478742473352e-05,5.11474585088983e-06,9.95586821802029e-06
30.63063063063063,1.756184052395918e-05,4.984834387471478e-06,9.790878804401721e-06
30.81081081081081,1.734922285901873e-05,4.852224726714982e-06,9.623005577868614e-06
30.99099099099099,1.7116714491395258e-05,4.71664347030029e-06,9.44584625815699e-06
31.17117117117117,1.6927485974007356e-05,4.601528426304238e-06,9.299823588784885e-06
31.35135135135135,1.6711109198206985e-05,4.478314400792222e-06,9.13943115032107e-06
31.53153153153153,1.649417433779769e-05,4.355134151217027e-06,8.978805839468462e-06
31.71171171171171,1.6277239477388393e-05,4.2319539016418314e-06,8.818180528615854e-06
31.89189189189189,1.606723428776399e-05,4.1138974834280566e-06,8.663509794310524e-06
32.07207207207207,1.5802497195320385e-05,4.003615639056966e-06,8.48831013641129e-06
32.25225225225225,1.5438215228757665e-05,3.899255859241673e-06,8.27432179114803e-06
32.43243243243243,1.5086837748774908e-05,3.802391828470354e-06,8.069423048216846e-06
32.61261261261261,1.4735460268792152e-05,3.7055277976990333e-06,7.864524305285663e-06
32.79279279279279,1.43840827888094e-05,3.6086637669277144e-06,7.65962556235448e-06
32.97297297297297,1.403257841578321e-05,3.515897339097085e-06,7.4561650800626205e-06
33.15315315315315,1.3782145229801685e-05,3.4410198288847743e-06,7.278631619327136e-06
33.33333333333333,1.3537521757033374e-05,3.368347840452361e-06,7.100173512936659e-06
33.51351351351351,1.3298345038224809e-05,3.2986601155397473e-06,6.925136488586953e-06
33.69369369369369,1.305916831941624e-05,3.2289723906271334e-06,6.750099464237247e-06
33.87387387387387,1.2821835464099993e-05,3.1598920615052635e-06,6.576080694840215e-06
34.05405405405405,1.2588997832148606e-05,3.0901657273910086e-06,6.412426987328055e-06
34.23423423423423,1.240833564606054e-05,3.024677499778952e-06,6.294926551780671e-06
34.41441441441441,1.2222938884757023e-05,2.9602300384924425e-06,6.175414574640817e-06
34.5945945945946,1.2036143661850644e-05,2.8948938559779845e-06,6.0549267710747575e-06
34.77477477477478,1.1849845624638587e-05,2.8299209550620597e-06,5.934809176075449e-06
34.95495495495496,1.1664863218967466e-05,2.7624868520253e-06,5.817320429054853e-06
35.13513513513514,1.1591217908911264e-05,2.7004269868541805e-06,5.748097672418132e-06
35.31531531531532,1.155361913395019e-05,2.6365415774273807e-06,5.698368724649003e-06
35.4954954954955,1.1518056118886695e-05,2.5729153672027635e-06,5.649534159847785e-06
35.67567567567568,1.1482493103823195e-05,2.5092891569781468e-06,5.600699595046568e-06
35.85585585585586,1.1442479372075035e-05,2.443041196441477e-06,5.548829278233987e-06
36.03603603603604,1.1371224850851515e-05,2.3818383633674066e-06,5.4858087839112485e-06
36.21621621621622,1.1227498655493778e-05,2.3272337375288008e-06,5.399523965979266e-06
36.3963963963964,1.1068347804481179e-05,2.270960203324605e-06,5.305129455625009e-06
36.57657657657658,1.090919695346858e-05,2.21468666912041e-06,5.21073494527075e-06
36.75675675675676,1.075004610245598e-05,2.158413134916214e-06,5.116340434916492e-06
36.93693693693694,1.0583904894333965e-05,2.09927647448668e-06,5.016288991611962e-06
37.11711711711712,1.0369457558757571e-05,2.036648508595716e-06,4.886628355190403e-06
37.2972972972973,1.011948979717838e-05,1.9705164852386435e-06,4.732905464418386e-06
37.47747747747748,9.867548793293174e-06,1.9026817103890036e-06,4.577752505921504e-06
37.65765765765766,9.615607789407967e-06,1.834846935539363e-06,4.42259954742462e-06
37.83783783783784,9.363944440660858e-06,1.7670248800382554e-06,4.267646834953084e-06
38.01801801801802,9.13299931707728e-06,1.712107007516686e-06,4.1324878766578205e-06
38.1981981981982,8.959005947015768e-06,1.683363188025999e-06,4.063598477721289e-06
38.37837837837838,8.790255659022934e-06,1.658298954842934e-06,4.000058910046678e-06
38.55855855855856,8.625177457592867e-06,1.6356028079466893e-06,3.939225568982932e-06
38.73873873873874,8.459486351212617e-06,1.6125382970254355e-06,3.877932612575332e-06
38.91891891891892,8.290105989477835e-06,1.5879507640666539e-06,3.8146324180247714e-06
39.0990990990991,8.112376317608336e-06,1.5576154570300747e-06,3.7339101582345084e-06
39.27927927927928,7.91269620902821e-06,1.5167269286401478e-06,3.6305935787431586e-06
39.45945945945946,7.713960947698535e-06,1.4759073677299906e-06,3.5276320918827747e-06
39.63963963963964,7.5152256863688615e-06,1.4350878068198341e-06,3.4246706050223913e-06
39.81981981981982,7.316331472103794e-06,1.3944274395363921e-06,3.3218543761222828e-06
40.0,7.1221008828869955e-06,1.355490021204917e-06,3.220620863230396e-06
40.18018018018018,7.00371326110238e-06,1.3230405908079597e-06,3.162510739577288e-06
40.36036036036036,6.889671358495244e-06,1.2926324966163988e-06,3.1062738478529523e-06
40.54054054054054,6.775629455888108e-06,1.262224402424838e-06,3.0500369561286163e-06
40.72072072072072,6.661587553280972e-06,1.2318163082332774e-06,2.9938000644042806e-06
40.9009009009009,6.552182695295164e-06,1.2037137366704269e-06,2.940641218889031e-06
41.08108108108108,6.4510858844238205e-06,1.179289284791489e-06,2.8889581932521707e-06
41.26126126126126,6.351059484465066e-06,1.156470888842369e-06,2.835194690025234e-06
41.44144144144144,6.258809057034138e-06,1.137013734777549e-06,2.7859269712622503e-06
41.62162162162162,6.1665586296032096e-06,1.1175565807127292e-06,2.7366592524992666e-06
41.8018018018018,6.074308202172282e-06,1.0980994266479092e-06,2.687391533736283e-06
41.98198198198198,5.992391674007792e-06,1.0781637287101734e-06,2.6411294086387894e-06
42.16216216216216,5.958613331284494e-06,1.0540338033480377e-06,2.5918708703793654e-06
42.34234234234234,5.943835845399094e-06,1.0293000381255315e-06,2.5464959474740554e-06
42.52252252252252,5.9285743261363745e-06,1.00435450178286e-06,2.5008637918830324e-06
42.7027027027027,5.913315144111012e-06,9.794137850575781e-07,2.45523666441035e-06
42.88288288288288,5.89804878529886e-06,9.54542768619656e-07,2.4093799455671e-06
43.06306306306306,5.86470735999262e-06,9.35021373792636e-07,2.3673172827828084e-06
43.24324324324324,5.810416800092124e-06,9.24115007378603e-07,2.3339871848382082e-06
43.42342342342342,5.752850503797276e-06,9.136455087888418e-07,2.299949114668866e-06
43.6036036036036,5.695284207502427e-06,9.031760101990806e-07,2.2659110444995246e-06
43.78378378378378,5.637046235119664e-06,8.925068184320729e-07,2.2314857917360246e-06
43.96396396396396,5.581152996921921e-06,8.814380873295695e-07,2.198157357510176e-06
44.14414414414414,5.547404563377622e-06,8.685557275679757e-07,2.177083880873993e-06
44.32432432432432,5.52142216820002e-06,8.541022251913672e-07,2.1595778950018343e-06
44.5045045045045,5.495190952947941e-06,8.396350651301231e-07,2.1421060088212027e-06
44.68468468468468,5.468959737695863e-06,8.251679050688789e-07,2.1246341226405702e-06
44.86486486486486,5.443501244737573e-06,8.107920961604391e-07,2.1075474800744394e-06
45.04504504504504,5.417885392369829e-06,7.989009987503343e-07,2.0913690812040125e-06
45.22522522522522,5.376506313626502e-06,7.906267797809662e-07,2.0631714377066064e-06
45.4054054054054,5.339267275723922e-06,7.832479036363778e-07,2.03846193041232e-06
45.585585585585584,5.302028237821342e-06,7.758690274917894e-07,2.0137524231180345e-06
45.765765765765764,5.264789199918762e-06,7.684901513472009e-07,1.989042915823748e-06
45.945945945945944,5.231155542203816e-06,7.613545955978764e-07,1.9647585188340986e-06
46.126126126126124,5.181053483045247e-06,7.533834959264136e-07,1.935946128903513e-06
46.306306306306304,5.131469525518981e-06,7.452777315528983e-07,1.9067698515077712e-06
46.486486486486484,5.081523098974024e-06,7.372660369609352e-07,1.877269436899886e-06
46.666666666666664,5.0315766724290666e-06,7.29254342368972e-07,1.847769022292001e-06
46.846846846846844,4.9816302458841095e-06,7.212426477770088e-07,1.8182686076841159e-06
47.027027027027025,4.9195587591335935e-06,7.094325273896742e-07,1.7837008622571443e-06
47.207207207207205,4.813614185089508e-06,6.910282162505703e-07,1.7431377940255937e-06
47.387387387387385,4.705449722873986e-06,6.709788649956842e-07,1.700161532294646e-06
47.567567567567565,4.5967399273172825e-06,6.50767775517472e-07,1.656890963470103e-06
47.747747747747745,4.488319318863526e-06,6.306706382323044e-07,1.6138118996757002e-06
47.927927927927925,4.38103839850993e-06,6.112812937135459e-07,1.5716453220067955e-06
48.108108108108105,4.302779096569274e-06,6.004691936123819e-07,1.533225862643631e-06
48.288288288288285,4.246891511718476e-06,5.967771294840863e-07,1.4994805594092326e-06
48.468468468468465,4.1913009453042775e-06,5.933496099305387e-07,1.466004910108003e-06
48.648648648648646,4.135710378890079e-06,5.89922090376991e-07,1.4325292608067734e-06
48.828828828828826,4.0790209405687195e-06,5.86178439760348e-07,1.3983567538228084e-06
49.009009009009006,4.023193076584104e-06,5.795061928659514e-07,1.363351920934867e-06
49.189189189189186,3.962183107559997e-06,5.686790556393905e-07,1.3419402026290854e-06
49.369369369369366,3.900158662967241e-06,5.548129874411212e-07,1.317833972114523e-06
49.549549549549546,3.838134218374485e-06,5.409469192428518e-07,1.2937277415999604e-06
49.729729729729726,3.776109773781729e-06,5.270808510445826e-07,1.2696215110853977e-06
49.909909909909906,3.7171664903654955e-06,5.141532945061738e-07,1.2470920337837408e-06
50.09009009009009,3.695895402726222e-06,5.063162199534084e-07,1.2345010327048919e-06
50.27027027027027,3.7149459221486955e-06,5.021480437844863e-07,1.230915200647723e-06
50.45045045045045,3.7361944656527647e-06,4.993922404760249e-07,1.229217224203836e-06
50.63063063063063,3.757443009156832e-06,4.966364371675636e-07,1.2275192477599488e-06
50.81081081081081,3.7786915526609015e-06,4.938806338591024e-07,1.2258212713160616e-06
50.99099099099099,3.79279254104823e-06,4.901086689933546e-07,1.2216020612399738e-06
51.17117117117117,3.7504747848457306e-06,4.843059656628304e-07,1.206796501519052e-06
51.35135135135135,3.6955951538833215e-06,4.770381217121417e-07,1.1877137880735675e-06
51.53153153153153,3.6415400926233967e-06,4.69884830084923e-07,1.1690857839830992e-06
51.71171171171171,3.5873891683146273e-06,4.627108172483649e-07,1.1503924622773317e-06
51.89189189189189,3.5332212647361364e-06,4.5544598720898994e-07,1.1316454127535856e-06
52.07207207207207,3.4628881980463857e-06,4.474646632707243e-07,1.1046094023300947e-06
52.25225225225225,3.374708823445582e-06,4.380994849766978e-07,1.067183537789512e-06
52.43243243243243,3.284503030658431e-06,4.2868035149280006e-07,1.028991083819248e-06
52.61261261261261,3.19429723787128e-06,4.192612180089024e-07,9.90798629848984e-07
52.79279279279279,3.1043451814267445e-06,4.099555588359886e-07,9.527850662213573e-07
52.97297297297297,3.017646963191193e-06,4.022776068334342e-07,9.17037148726402e-07
53.15315315315315,2.969024283428984e-06,4.0124748646126414e-07,9.061411254669547e-07
53.33333333333333,2.931919250587724e-06,4.038061042380402e-07,9.029978599900615e-07
53.51351351351351,2.8949270707006e-06,4.0639854922156367e-07,8.999238092750056e-07
53.69369369369369,2.8579348908134755e-06,4.089909942050871e-07,8.968497585599497e-07
53.87387387387387,2.8207440262294885e-06,4.112819481990614e-07,8.934372104652185e-07
54.05405405405405,2.7902917854019374e-06,4.1065776203213323e-07,8.866820468956535e-07
54.23423423423423,2.776275283574969e-06,4.032498425235757e-07,8.708517119493714e-07
54.41441441441441,2.7618345901669734e-06,3.9544345163626693e-07,8.548731270301537e-07
54.59459459459459,2.747393896758977e-06,3.8763706074895794e-07,8.388945421109358e-07
54.77477477477477,2.732953203350981e-06,3.7983066986164916e-07,8.22915957191718e-07
54.95495495495495,2.7185858936910104e-06,3.721753723641359e-07,8.071111715577132e-07
55.13513513513513,2.669155778638712e-06,3.6786820976009686e-07,7.89747712169214e-07
55.31531531531531,2.608526645310401e-06,3.650078267609798e-07,7.724172586499071e-07
55.49549549549549,2.5477405360072085e-06,3.621136241943895e-07,7.549741344254564e-07
55.67567567567567,2.4869393484956403e-06,3.5921819811239337e-07,7.375196461071494e-07
55.85585585585585,2.4261618708045116e-06,3.5629041176146084e-07,7.200606304044177e-07
56.03603603603603,2.3769211677141473e-06,3.5284400603520957e-07,7.054531198524115e-07
56.21621621621621,2.373829856493547e-06,3.4701475117157453e-07,7.020517861294978e-07
56.39639639639639,2.370738545272947e-06,3.411854963079395e-07,6.986504524065841e-07
56.57657657657657,2.3676472340523462e-06,3.3535624144430444e-07,6.952491186836704e-07
56.75675675675675,2.3647054891289022e-06,3.295419493977633e-07,6.919218200589387e-07
56.93693693693693,2.364192757370853e-06,3.2390133562202135e-07,6.89208941217099e-07
57.11711711711711,2.3488231416133927e-06,3.19004367859737e-07,6.769713569159057e-07
57.29729729729729,2.3309665513537893e-06,3.1491897777926074e-07,6.612225632034989e-07
57.47747747747747,2.3131386111537e-06,3.108350294547146e-07,6.454447321542114e-07
57.65765765765765,2.295310670953611e-06,3.067510811301684e-07,6.29666901104924e-07
57.83783783783784,2.2775233131953613e-06,3.027232345497465e-07,6.139417955436957e-07
58.01801801801802,2.25761205959386e-06,3.0030637844135966e-07,6.004634987495152e-07
58.1981981981982,2.2398059283668542e-06,3.0251219631089264e-07,5.976736537213608e-07
58.37837837837838,2.220140786360866e-06,3.0571275721758556e-07,5.95841500639619e-07
58.55855855855856,2.2004756443548785e-06,3.089133181242784e-07,5.940093475578772e-07
58.73873873873874,2.18081050234889e-06,3.121138790309713e-07,5.921771944761353e-07
58.91891891891892,2.161399353394128e-06,3.150498714980229e-07,5.90183394930467e-07
59.0990990990991,2.155413752339846e-06,3.1245989714547455e-07,5.872572380194094e-07
59.27927927927928,2.1605303313619176e-06,3.0605620729341564e-07,5.83661227626298e-07
59.45945945945946,2.165842773246892e-06,2.991539588726024e-07,5.798810051222261e-07
59.63963963963964,2.171155215131866e-06,2.9225171045178937e-07,5.761007826181542e-07
59.81981981981982,2.1764676570168404e-06,2.8534946203097616e-07,5.723205601140823e-07
60.0,2.1761122799249866e-06,2.7886388775433585e-07,5.687201767121496e-07
60.18018018018018,2.155402417659689e-06,2.7377996316651384e-07,5.628204032095811e-07
60.36036036036036,2.129128791437524e-06,2.6912077058743996e-07,5.57184617463711e-07
60.54054054054054,2.102803137705379e-06,2.644575490760784e-07,5.515067573905615e-07
60.72072072072072,2.07654870960501e-06,2.5980200086837557e-07,5.458560867049745e-07
60.9009009009009,2.051110061826272e-06,2.552912115889439e-07,5.407434006929207e-07
61.08108108108108,2.0315391195861054e-06,2.526923020426507e-07,5.371306786409581e-07
61.26126126126126,2.020475449378588e-06,2.519751590861467e-07,5.370877878632887e-07
61.44144144144144,2.009994572613194e-06,2.5156745209582965e-07,5.371288731455361e-07
61.62162162162162,1.9995136958478003e-06,2.511597451055126e-07,5.371699584277836e-07
61.8018018018018,1.989003001964952e-06,2.50746233215154e-07,5.371928751554857e-07
61.98198198198198,1.978277528528633e-06,2.499185007165825e-07,5.361260863417577e-07
62.16216216216216,1.973081912072033e-06,2.4835579022698186e-07,5.292920246209022e-07
62.34234234234234,1.968142869717978e-06,2.4619420274501027e-07,5.204507620722528e-07
62.52252252252252,1.9632160355482433e-06,2.4403138291299106e-07,5.116057749942262e-07
62.7027027027027,1.9582892013785086e-06,2.418685630809718e-07,5.027607879161997e-07
62.88288288288288,1.953315051834177e-06,2.397148466231623e-07,4.939108389933976e-07
63.06306306306306,1.9323955410411325e-06,2.393761689114093e-07,4.854770411762441e-07
63.24324324324324,1.884849309820374e-06,2.407584241390278e-07,4.7682310271557077e-07
63.42342342342342,1.8364710763551357e-06,2.425795454582039e-07,4.684205423289892e-07
63.6036036036036,1.7880928428898972e-06,2.444006667773799e-07,4.6001798194240763e-07
63.78378378378378,1.7397146094246587e-06,2.4622178809655606e-07,4.516154215558261e-07
63.96396396396396,1.69220640804068e-06,2.467686763103197e-07,4.4266633610854264e-07
64.14414414414414,1.6724120275555227e-06,2.4288861770721167e-07,4.347825153583899e-07
64.32432432432432,1.6616912168228949e-06,2.3620489809805192e-07,4.2677491053630614e-07
64.5045045045045,1.650597043243186e-06,2.294258783305436e-07,4.1857633356096093e-07
64.68468468468468,1.6395058953297665e-06,2.2264766640254484e-07,4.103791983383389e-07
64.86486486486486,1.628864119164687e-06,2.1602456618680728e-07,4.024453179858996e-07
65.04504504504504,1.6135426831430793e-06,2.1132858624084252e-07,3.950256515953834e-07
65.22522522522522,1.5896799315401274e-06,2.1063053394741747e-07,3.908203959179629e-07
65.4054054054054,1.5653534240530407e-06,2.1050810192943577e-07,3.86652515149325e-07
65.58558558558558,1.5410269165659558e-06,2.1038566991145404e-07,3.8248463438068736e-07
65.76576576576576,1.5167004090788688e-06,2.1026323789347232e-07,3.7831675361204943e-07
65.94594594594594,1.4924794936437522e-06,2.0977712075038236e-07,3.7372018848046454e-07
66.12612612612612,1.4780084218004822e-06,2.088473884578389e-07,3.68114406832e-07
66.3063063063063,1.468005748973549e-06,2.0707076691172494e-07,3.6131150118315546e-07
66.48648648648648,1.4579644546370146e-06,2.0528646728915357e-07,3.5449561445982277e-07
66.66666666666666,1.447923160300481e-06,2.0350216766658233e-07,3.476797277364906e-07
66.84684684684684,1.4378818659639464e-06,2.017178680440109e-07,3.408638410131579e-07
67.02702702702702,1.4288101554676813e-06,2.0031627370595092e-07,3.35548709977903e-07
67.2072072072072,1.4218649863786057e-06,1.993680395722545e-07,3.3300828003298245e-07
67.38738738738738,1.4152416364033578e-06,1.986341563320822e-07,3.311748787533538e-07
67.56756756756756,1.408681111112876e-06,1.979052925959226e-07,3.29363037569646e-07
67.74774774774774,1.402120585822395e-06,1.97176428859763e-07,3.275511963859383e-07
67.92792792792793,1.395398677029205e-06,1.9633543138617012e-07,3.258352452393015e-07
68.1081081081081,1.386101362649599e-06,1.9509811614507455e-07,3.2528252555485514e-07
68.28828828828829,1.3753493496140506e-06,1.9327895976355997e-07,3.258568853447391e-07
68.46846846846846,1.364378397855996e-06,1.9147960829585405e-07,3.263859291229661e-07
68.64864864864865,1.3533947622561011e-06,1.896809885522826e-07,3.269133561976658e-07
68.82882882882882,1.3423011881490815e-06,1.8784889775061265e-07,3.273561814358496e-07
69.009009009009,1.3314054441035522e-06,1.85621543299477e-07,3.271908539087682e-07
69.1891891891892,1.3164581528057668e-06,1.8099171637456722e-07,3.2085603168491124e-07
69.36936936936937,1.301678609919539e-06,1.7605651287194737e-07,3.141076437721321e-07
69.54954954954955,1.2868990670333102e-06,1.7112130936932711e-07,3.073592558593524e-07
69.72972972972973,1.2721195241470826e-06,1.6618610586670723e-07,3.0061086794657325e-07
69.90990990990991,1.258926430832052e-06,1.6161468969839142e-07,2.944371236408125e-07
70.09009009009009,1.2411408393278997e-06,1.6069535202738153e-07,2.901847085452257e-07
70.27027027027027,1.2222955317825463e-06,1.639873070418176e-07,2.890053552774812e-07
70.45045045045045,1.203859079759085e-06,1.6745664466117771e-07,2.8801673474419946e-07
70.63063063063063,1.1854226277356222e-06,1.7092598228053815e-07,2.870281142109176e-07
70.8108108108108,1.166986135995275e-06,1.7439527501782415e-07,2.8603948978491815e-07
70.990990990991,1.1465059787275283e-06,1.775417740939963e-07,2.847979103758869e-07
71.17117117117117,1.1260492975541771e-06,1.7588505441789993e-07,2.7903822748087936e-07
71.35135135135135,1.1037543599996556e-06,1.737135186849276e-07,2.7283182804012803e-07
71.53153153153153,1.0812551081597237e-06,1.714957721642615e-07,2.665910003080452e-07
71.71171171171171,1.0587558563197898e-06,1.692780256435952e-07,2.6035017257596204e-07
71.89189189189189,1.0363839295297225e-06,1.670591798483647e-07,2.541047961091265e-07
72.07207207207207,1.0243089090229003e-06,1.65566588288965e-07,2.49459550811015e-07
72.25225225225225,1.0281855857426716e-06,1.6476753339473748e-07,2.4693432646579106e-07
72.43243243243244,1.0320822854604622e-06,1.6407678117311897e-07,2.4448730449456814e-07
72.61261261261261,1.0359677988290307e-06,1.633880936575314e-07,2.4203832794870944e-07
72.7927927927928,1.0398533121975997e-06,1.6269940614194373e-07,2.395893514028506e-07
72.97297297297297,1.0427160512771948e-06,1.619405752418704e-07,2.3709699270881098e-07
73.15315315315316,1.036941924508863e-06,1.594997331477765e-07,2.3446301658440655e-07
73.33333333333333,1.0282622468094442e-06,1.5670077142321134e-07,2.31789113507828e-07
73.51351351351352,1.0195774393781614e-06,1.5388725378715349e-07,2.2909645143209196e-07
73.69369369369369,1.0108952593103397e-06,1.5107316195842924e-07,2.2640291566261103e-07
73.87387387387388,1.0021185182755925e-06,1.483414991769631e-07,2.238236144521693e-07
74.05405405405405,9.9567049591544e-07,1.465567903135386e-07,2.2171917192140738e-07
74.23423423423424,9.905803612709261e-07,1.4642543380208104e-07,2.1995495964657532e-07
74.41441441441441,9.863071367139137e-07,1.4653022453476048e-07,2.1851730948663854e-07
74.5945945945946,9.820339121569009e-07,1.4663501526743998e-07,2.1707965932670163e-07
74.77477477477477,9.777606875998884e-07,1.4673980600011942e-07,2.156420091667649e-07
74.95495495495496,9.73651286042848e-07,1.469201750767652e-07,2.1430540683920433e-07
75.13513513513513,9.651665752675274e-07,1.4711824783464658e-07,2.1353930154061078e-07
75.31531531531532,9.55127155530364e-07,1.4740828249879725e-07,2.1307937819699063e-07
75.49549549549549,9.452460118885022e-07,1.4771541854612783e-07,2.1264191061421734e-07
75.67567567567568,9.353648682466397e-07,1.480225545934584e-07,2.1220444303144404e-07
75.85585585585585,9.255114186321077e-07,1.4831380634432667e-07,2.117554526610665e-07
76.03603603603604,9.169842453322387e-07,1.4766681304871745e-07,2.1017887587954788e-07
76.21621621621621,9.180178214919706e-07,1.456367360798892e-07,2.0701033966836187e-07
76.3963963963964,9.184706757279855e-07,1.4322934053380411e-07,2.033902419668138e-07
76.57657657657657,9.1887606938103e-07,1.407993137406909e-07,1.9974171495970557e-07
76.75675675675676,9.192814630340745e-07,1.3836928694757752e-07,1.960931879525971e-07
76.93693693693693,9.201776266011271e-07,1.3604265296821743e-07,1.925512989047167e-07
77.11711711711712,9.14868071675895e-07,1.3453627685048374e-07,1.8950895395511368e-07
77.29729729729729,9.073715623539545e-07,1.3362077534952315e-07,1.8700784831303988e-07
77.47747747747748,8.998594129105054e-07,1.3272525445909542e-07,1.844914295438434e-07
77.65765765765765,8.923238160972306e-07,1.318333690561599e-07,1.8197209107246337e-07
77.83783783783784,8.847877810207405e-07,1.3095814213821983e-07,1.7952449481580393e-07
78.01801801801801,8.75170472071534e-07,1.3028134003777634e-07,1.7739424626953247e-07
78.1981981981982,8.639996213865569e-07,1.301470669843605e-07,1.7621123656900653e-07
78.37837837837837,8.512663843270565e-07,1.3015459443324976e-07,1.7532568074370252e-07
78.55855855855856,8.385331472675549e-07,1.3016212188213898e-07,1.7444012491839843e-07
78.73873873873873,8.257999102080547e-07,1.3016964933102824e-07,1.7355456909309445e-07
78.91891891891892,8.134789345661437e-07,1.2993630176084402e-07,1.7238905023895505e-07
79.09909909909909,8.06018114544679e-07,1.2902463256206456e-07,1.705971439353312e-07
79.27927927927928,8.034324763187119e-07,1.2705088928440128e-07,1.6767651068506643e-07
79.45945945945945,8.009136117038308e-07,1.250317442214876e-07,1.6471263812936516e-07
79.63963963963964,7.983947470889493e-07,1.2301259915857372e-07,1.617487655736637e-07
79.81981981981981,7.958758824740681e-07,1.2099345409566005e-07,1.5878489301796246e-07
80.0,7.937734179910408e-07,1.1977761724877028e-07,1.5668987166789391e-07
80.18018018018017,7.880841330977163e-07,1.2014203370972616e-07,1.5727351194159233e-07
80.36036036036036,7.825545552955708e-07,1.2123975518835821e-07,1.5863902273538712e-07
80.54054054054053,7.77153324013763e-07,1.2237247826616416e-07,1.6004802387195015e-07
80.72072072072072,7.717520927319548e-07,1.2350520134397021e-07,1.6145702500851324e-07
80.9009009009009,7.664228627340375e-07,1.2448632717001377e-07,1.6271913840922196e-07
81.08108108108108,7.621684328960273e-07,1.2438938034378795e-07,1.6252431123508721e-07
81.26126126126125,7.592863061279227e-07,1.226540456386765e-07,1.6003645828010624e-07
81.44144144144144,7.564425728906463e-07,1.2087729815855046e-07,1.5754769027876631e-07
81.62162162162161,7.536108947867662e-07,1.1908806389078762e-07,1.5506063456798285e-07
81.8018018018018,7.50762762423432e-07,1.1730865476786096e-07,1.525625299505051e-07
81.98198198198197,7.481172190809803e-07,1.1572529049302035e-07,1.5029050305157952e-07
82.16216216216216,7.417312975493416e-07,1.149729839207607e-07,1.488116295513106e-07
82.34234234234233,7.35138993972368e-07,1.1457555280106653e-07,1.4767142063572553e-07
82.52252252252252,7.285466903953939e-07,1.1417812168137234e-07,1.4653121172014035e-07
82.7027027027027,7.219543868184202e-07,1.137806905616782e-07,1.4539100280455524e-07
82.88288288288288,7.14711554680644e-07,1.1336180173154686e-07,1.4415702077700477e-07
83.06306306306305,7.075744227787451e-07,1.1278549336782663e-07,1.4319556893898783e-07
83.24324324324324,6.987943225889109e-07,1.1192580755999638e-07,1.4242456126268173e-07
83.42342342342342,6.89695979383354e-07,1.1103756929763614e-07,1.4162078583219432e-07
83.6036036036036,6.805976361777964e-07,1.1014933103527581e-07,1.4081701040170688e-07
83.78378378378378,6.714992929722397e-07,1.0926109277291554e-07,1.400132349712195e-07
83.96396396396396,6.63346212815425e-07,1.0844376694723156e-07,1.393073726584844e-07
84.14414414414414,6.604205720081003e-07,1.0799303374602623e-07,1.386116765776101e-07
84.32432432432432,6.59578961354363e-07,1.07708103514975e-07,1.3791136605319714e-07
84.5045045045045,6.590221170370255e-07,1.0743749054658156e-07,1.3727951138573194e-07
84.68468468468468,6.584652727196879e-07,1.0716687757818813e-07,1.366476567182667e-07
84.86486486486486,6.579084284023503e-07,1.0689626460979471e-07,1.3601580205080148e-07
85.04504504504504,6.560286043149712e-07,1.0641972414288129e-07,1.353007275424266e-07
85.22522522522522,6.514584534667221e-07,1.0555986393203964e-07,1.3426512554999855e-07
85.4054054054054,6.466638047478172e-07,1.0466104489845006e-07,1.332597592127961e-07
85.58558558558558,6.418518090071372e-07,1.0375781823842805e-07,1.3224546950728214e-07
85.76576576576576,6.370422082022716e-07,1.0285476867825672e-07,1.312320764701026e-07
85.94594594594594,6.322295328065627e-07,1.0195210542335117e-07,1.3022119644866245e-07
86.12612612612612,6.29705571062995e-07,1.0117164657467551e-07,1.290567533608114e-07
86.3063063063063,6.282677024393216e-07,1.0043547974277447e-07,1.278392512646916e-07
86.48648648648648,6.267873986956443e-07,9.970317552065514e-08,1.266196324882748e-07
86.66666666666666,6.253070949519671e-07,9.897087129853584e-08,1.2540001371185818e-07
86.84684684684684,6.237227346603104e-07,9.82574732080192e-08,1.241832740098972e-07
87.02702702702702,6.213400569307316e-07,9.785830448676206e-08,1.232384603915133e-07
87.2072072072072,6.146997977462621e-07,9.816722981255104e-08,1.230592604017309e-07
87.38738738738738,6.078574192419996e-07,9.864646574727797e-08,1.2298581816368199e-07
87.56756756756756,6.010150407377366e-07,9.912570168200495e-08,1.2291237592563302e-07
87.74774774774774,5.941726622334739e-07,9.960493761673187e-08,1.2283893368758408e-07
87.92792792792793,5.874340523621959e-07,1.0002456322885008e-07,1.22690920961787e-07
88.1081081081081,5.836927054711014e-07,9.956916130884036e-08,1.2200002227590688e-07
88.28828828828829,5.816387363302944e-07,9.864201428110452e-08,1.2098637290739365e-07
88.46846846846846,5.797921138320376e-07,9.762085575345135e-08,1.1989278437806748e-07
88.64864864864865,5.779454913337805e-07,9.65996972257981e-08,1.1879919584874124e-07
88.82882882882882,5.760988688355235e-07,9.557853869814491e-08,1.1770560731941506e-07
89.009009009009,5.734720253628569e-07,9.478886771391199e-08,1.1678460829313904e-07
89.18918918918918,5.666523809342103e-07,9.452590630373255e-08,1.1634504626049487e-07
89.36936936936937,5.592952214768006e-07,9.442250358955218e-08,1.1600731233554082e-07
89.54954954954954,5.519540722156403e-07,9.433180382988285e-08,1.1568566068626552e-07
89.72972972972973,5.446129229544798e-07,9.424110407021351e-08,1.1536400903699023e-07
89.9099099099099,5.372255360265523e-07,9.414643721281885e-08,1.1503694563087975e-07
90.09009009009009,5.320511490225255e-07,9.327624888953224e-08,1.1404120066837868e-07
90.27027027027026,5.285940822878349e-07,9.183606406699755e-08,1.1257383551733207e-07
90.45045045045045,5.252277643631982e-07,9.032907947670523e-08,1.1104324773905393e-07
90.63063063063062,5.218783904833818e-07,8.881868949510358e-08,1.0950793420944465e-07
90.8108108108108,5.184814817938826e-07,8.732904023528413e-08,1.0800313324829005e-07
90.99099099099098,5.147422979041303e-07,8.610832544868339e-08,1.0679724355077457e-07
91.17117117117117,5.100021110260282e-07,8.60371164848606e-08,1.0634525840701595e-07
91.35135135135134,5.047253177253516e-07,8.636345738684195e-08,1.0632593858699579e-07
91.53153153153153,4.994500068000147e-07,8.669220987608403e-08,1.0630819351686782e-07
91.7117117117117,4.941746958746782e-07,8.702096236532607e-08,1.0629044844673983e-07
91.89189189189189,4.890684904331435e-07,8.733802413872628e-08,1.0625861955203213e-07
92.07207207207206,4.844510832390026e-07,8.744107136453872e-08,1.0610216386157224e-07
92.25225225225225,4.810181919083606e-07,8.728981717805314e-08,1.057759313621227e-07
92.43243243243244,4.776496158470902e-07,8.71061391994386e-08,1.0542869923897101e-07
92.61261261261261,4.7428103978582004e-07,8.692246122082413e-08,1.0508146711581937e-07
92.7927927927928,4.7091246372454946e-07,8.673878324220961e-08,1.0473423499266768e-07
92.97297297297297,4.6755973207502374e-07,8.644389770984535e-08,1.0424682164004419e-07
93.15315315315316,4.6083656987110667e-07,8.577606457693645e-08,1.0307057191898608e-07
93.33333333333333,4.538917840188388e-07,8.491958764990276e-08,1.0161119655677382e-07
93.51351351351352,4.4678539632410876e-07,8.40504168840107e-08,1.0013891466797945e-07
93.69369369369369,4.3967900862937934e-07,8.318124611811872e-08,9.866663277918517e-08
93.87387387387388,4.325617211443433e-07,8.232651288411811e-08,9.720254889375746e-08
94.05405405405405,4.2750634755639697e-07,8.176369166422135e-08,9.602525279241404e-08
94.23423423423424,4.2728057599945914e-07,8.180484896977436e-08,9.547141616891777e-08
94.41441441441441,4.27060449716591e-07,8.187298230795963e-08,9.493654833203988e-08
94.5945945945946,4.2682666718104863e-07,8.194660252181066e-08,9.440298083804205e-08
94.77477477477477,4.2663079327779056e-07,8.201647459946246e-08,9.387430727872113e-08
94.95495495495496,4.265028646993735e-07,8.201055996232665e-08,9.331738043218657e-08
95.13513513513513,4.245189778172968e-07,8.168153171368602e-08,9.277949048090673e-08
95.31531531531532,4.2214340627225477e-07,8.11072433279667e-08,9.22155391533863e-08
95.49549549549549,4.1976783472721287e-07,8.053295494224743e-08,9.165158782586593e-08
95.67567567567568,4.1739226318217086e-07,7.995866655652814e-08,9.108763649834551e-08
95.85585585585585,4.1495486396963404e-07,7.941218643963413e-08,9.054175591758168e-08
96.03603603603604,4.124653673222651e-07,7.901729518268573e-08,9.011622383597125e-08
96.21621621621621,4.094202148599411e-07,7.927632586197883e-08,9.022642638123052e-08
96.3963963963964,4.0634019857564555e-07,7.956914119510006e-08,9.03546782749153e-08
96.57657657657657,4.032601822913502e-07,7.986195652822125e-08,9.048293016860006e-08
96.75675675675676,4.001801660070549e-07,8.015477186134247e-08,9.061118206228482e-08
96.93693693693693,3.974760864543924e-07,8.033800730957995e-08,9.064066686937998e-08
97.11711711711712,3.9316262674403973e-07,8.00140264993588e-08,9.019446904166083e-08
97.29729729729729,3.88494821750291e-07,7.92431813590568e-08,8.936732935808295e-08
97.47747747747748,3.83932808251524e-07,7.84511260851178e-08,8.850854586676392e-08
97.65765765765765,3.7937079475275734e-07,7.765907081117885e-08,8.764976237544495e-08
97.83783783783784,3.7481717481802253e-07,7.686769793428931e-08,8.67920907938762e-08
98.01801801801801,3.705669883260515e-07,7.613288336955495e-08,8.596628946082372e-08
98.1981981981982,3.7149897751045345e-07,7.560322015725624e-08,8.548440061555276e-08
98.37837837837837,3.7225888280939847e-07,7.509380611297775e-08,8.499036740128943e-08
98.55855855855856,3.7299979409715956e-07,7.45888729331125e-08,8.450098342955161e-08
98.73873873873873,3.7373525954326413e-07,7.408476886318052e-08,8.401308698783862e-08
98.91891891891892,3.7446022159985803e-07,7.359629197141063e-08,8.354349356625633e-08
99.09909909909909,3.7166072747283414e-07,7.338322191951715e-08,8.310461250707325e-08
99.27927927927928,3.6600031736852414e-07,7.342239079551743e-08,8.2723770322925e-08
99.45945945945945,3.6031340808875005e-07,7.346794186201728e-08,8.235072362881601e-08
99.63963963963964,3.546264988089756e-07,7.351349292851715e-08,8.197767693470701e-08
99.81981981981981,3.48904096163188e-07,7.355115895339833e-08,8.159882345568748e-08
100.0,3.4314068086437385e-07,7.352511572420928e-08,8.115234510092766e-08
100.18018018018017,3.400923628278566e-07,7.319929827764106e-08,8.075218367013232e-08
100.36036036036036,3.369320454062858e-07,7.279400149376523e-08,8.02727837937756e-08
100.54054054054053,3.337717279847153e-07,7.238870470988942e-08,7.979338391741893e-08
100.72072072072072,3.3061141056314456e-07,7.198340792601357e-08,7.931398404106221e-08
100.9009009009009,3.275569053377184e-07,7.158619812071569e-08,7.884401849415833e-08
101.08108108108108,3.2487548019066134e-07,7.127166684495229e-08,7.841460815592873e-08
101.26126126126125,3.220110029764264e-07,7.102525754607846e-08,7.802344235032024e-08
101.44144144144144,3.194579577465755e-07,7.079771246681804e-08,7.764587553487947e-08
101.62162162162161,3.169049125167248e-07,7.057016738755763e-08,7.726830871943873e-08
101.8018018018018,3.1435186728687386e-07,7.034262230829723e-08,7.689074190399793e-08
101.98198198198197,3.118415403351543e-07,7.008575848976978e-08,7.649442038985063e-08
102.16216216216216,3.107388810062798e-07,6.97034902188079e-08,7.607592901768448e-08
102.34234234234233,3.098363300477627e-07,6.927947138863582e-08,7.56349297229078e-08
102.52252252252252,3.0893781031814415e-07,6.885165489785949e-08,7.519256725758917e-08
102.7027027027027,3.0803929058852565e-07,6.842383840708319e-08,7.475020479227059e-08
102.88288288288288,3.0714763439052294e-07,6.799661779698856e-08,7.430705113608984e-08
103.06306306306305,3.057026801162383e-07,6.759607080313738e-08,7.379932026452633e-08
103.24324324324324,3.039613049320396e-07,6.723779308374345e-08,7.31818994525549e-08
103.42342342342342,3.020473503257123e-07,6.688170713520886e-08,7.256228908656224e-08
103.6036036036036,3.001284640665875e-07,6.652586285346697e-08,7.194185604914405e-08
103.78378378378378,2.9821509831793777e-07,6.617431506107555e-08,7.132709198679481e-08
103.96396396396396,2.963431314772027e-07,6.588462439372287e-08,7.079203708675305e-08
104.14414414414414,2.9407541699902495e-07,6.588783587281926e-08,7.067048637112633e-08
104.32432432432432,2.917860453771643e-07,6.606887392179983e-08,7.078746512650411e-08
104.5045045045045,2.8949667375530377e-07,6.624991197078038e-08,7.090444388188188e-08
104.68468468468468,2.8720730213344315e-07,6.643095001976093e-08,7.102142263725969e-08
104.86486486486486,2.848673209186817e-07,6.660105453673721e-08,7.11348787805802e-08
105.04504504504504,2.8322020736381e-07,6.6618074405653e-08,7.111299561758456e-08
105.22522522522522,2.821976436804298e-07,6.643716136542097e-08,7.098112465637829e-08
105.4054054054054,2.8139503718862403e-07,6.61886771733762e-08,7.078511601414426e-08
105.58558558558558,2.805924306968183e-07,6.594019298133147e-08,7.058910737191024e-08
105.76576576576576,2.797898242050124e-07,6.56917087892867e-08,7.039309872967623e-08
105.94594594594594,2.792381328585876e-07,6.549020451613227e-08,7.023232940658555e-08
106.12612612612612,2.784302792149923e-07,6.547775985232943e-08,7.014490371856872e-08
106.3063063063063,2.7765850761188215e-07,6.560075671163151e-08,7.014220931700786e-08
106.48648648648648,2.7701854987436284e-07,6.573727281280975e-08,7.014451627126424e-08
106.66666666666666,2.763785921368435e-07,6.587378891398799e-08,7.014682322552064e-08
106.84684684684684,2.757386343993242e-07,6.601030501516625e-08,7.014913017977702e-08
107.02702702702702,2.740279126827177e-07,6.573174448049342e-08,6.977244104795493e-08
107.2072072072072,2.709704909108641e-07,6.470653428134361e-08,6.875996527000436e-08
107.38738738738738,2.6733546150082163e-07,6.348796128712267e-08,6.756841799296282e-08
107.56756756756756,2.636800155372814e-07,6.226080667593884e-08,6.636717469159896e-08
107.74774774774774,2.600369745803929e-07,6.104069356546144e-08,6.517309584292943e-08
107.92792792792793,2.565488809274363e-07,5.993916088258184e-08,6.40959296243269e-08
108.1081081081081,2.5501620780409856e-07,5.9569044814543506e-08,6.366834313060405e-08
108.28828828828829,2.5514271822962074e-07,5.994264706052199e-08,6.393792347230707e-08
108.46846846846846,2.5529007635764305e-07,6.033452921766213e-08,6.422150641229536e-08
108.64864864864865,2.554374344856653e-07,6.072641137480229e-08,6.450508935228369e-08
108.82882882882882,2.555673841372442e-07,6.111282707564377e-08,6.478345456903938e-08
109.009009009009,2.555774598268834e-07,6.142744737598458e-08,6.499870457769748e-08
109.18918918918918,2.5428282328317375e-07,6.154516027753515e-08,6.506294233634496e-08
109.36936936936937,2.529095284716164e-07,6.159713998830616e-08,6.506757686118693e-08
109.54954954954954,2.515362336600592e-07,6.164911969907714e-08,6.507221138602893e-08
109.72972972972973,2.5016293884850184e-07,6.170109940984813e-08,6.50768459108709e-08
109.9099099099099,2.4868899210614406e-07,6.170678312888254e-08,6.504056669088947e-08
110.09009009009009,2.465388959849218e-07,6.132404940407469e-08,6.459732835030083e-08
110.27027027027026,2.439059552292452e-07,6.048796619281248e-08,6.369366991837183e-08
110.45045045045045,2.411079276279645e-07,5.962723100401764e-08,6.276691806519707e-08
110.63063063063062,2.383099000266841e-07,5.876649581522286e-08,6.184016621202236e-08
110.8108108108108,2.3551199561774458e-07,5.7905981135850585e-08,6.091362945779106e-08
110.99099099099098,2.3291016239131794e-07,5.714706685985881e-08,6.009990078609472e-08
111.17117117117117,2.3158696857595706e-07,5.723800972051642e-08,6.021119594693055e-08
111.35135135135134,2.304164194712113e-07,5.745988654679841e-08,6.046378239114133e-08
111.53153153153153,2.293099969210331e-07,5.769470596659585e-08,6.073222212351428e-08
111.7117117117117,2.2820356838440723e-07,5.7928307892850835e-08,6.099945273293262e-08
111.89189189189189,2.270678163783533e-07,5.8142686732236933e-08,6.124665056480291e-08
112.07207207207206,2.2592738466424154e-07,5.810468384621574e-08,6.12292406400123e-08
112.25225225225225,2.2466260059842082e-07,5.760330231658207e-08,6.072692867083314e-08
112.43243243243242,2.2339781653260026e-07,5.7101920786948445e-08,6.022461670165403e-08
112.61261261261261,2.2213303246677953e-07,5.6600539257314786e-08,5.972230473247487e-08
112.79279279279278,2.208546208342085e-07,5.610482059088425e-08,5.9226778776242745e-08
112.97297297297297,2.1967613091061578e-07,5.563515481422969e-08,5.8757108539048124e-08
113.15315315315314,2.1804116408361216e-07,5.573732264447924e-08,5.877897690196317e-08
113.33333333333333,2.16411311978772e-07,5.598338625048254e-08,5.893333149708016e-08
113.5135135135135,2.1478837427796496e-07,5.623247667312043e-08,5.909062744212903e-08
113.69369369369369,2.1316543657715778e-07,5.648156709575834e-08,5.924792338717792e-08
113.87387387387386,2.1152362975576535e-07,5.6719697824491925e-08,5.939537475185639e-08
114.05405405405405,2.0993287158476933e-07,5.684431057489258e-08,5.944525835226361e-08
114.23423423423422,2.0892718254305403e-07,5.673936163716625e-08,5.933642173476463e-08
114.41441441441441,2.0778929027941425e-07,5.66119315009535e-08,5.919880268938277e-08
114.59459459459458,2.066513980157745e-07,5.6484501364740774e-08,5.9061183644000914e-08
114.77477477477477,2.0551350575213466e-07,5.635707122852802e-08,5.892356459861904e-08
114.95495495495494,2.043916590997061e-07,5.620904163130701e-08,5.8760181852134137e-08
115.13513513513513,2.0402269391228378e-07,5.5754331476214146e-08,5.83348437732843e-08
115.3153153153153,2.0373376979485783e-07,5.519465205574175e-08,5.781384770155828e-08
115.49549549549549,2.0352955800758521e-07,5.462143405430149e-08,5.7278023078510567e-08
115.67567567567568,2.0332534622031254e-07,5.404821605286123e-08,5.674219845546285e-08
115.85585585585585,2.0312113443303995e-07,5.3474998051421015e-08,5.620637383241516e-08
116.03603603603604,2.029151763613229e-07,5.3133985938438466e-08,5.5895668367075995e-08
116.21621621621621,2.022185305701279e-07,5.321377976296943e-08,5.593290260305885e-08
116.3963963963964,2.0160109024094005e-07,5.337728824334158e-08,5.606140317927932e-08
116.57657657657657,2.009844198944483e-07,5.3541317603829196e-08,5.619035274532584e-08
116.75675675675676,2.0034332658187132e-07,5.370173523432641e-08,5.631589136620408e-08
116.93693693693693,1.9961796068863161e-07,5.383068983890601e-08,5.641454794145964e-08
117.11711711711712,1.9820544251871497e-07,5.3554184589027396e-08,5.607727544983692e-08
117.29729729729729,1.9623952051039203e-07,5.301807514834228e-08,5.5479183066742244e-08
117.47747747747748,1.9424211198323995e-07,5.2467340934625384e-08,5.486451569777682e-08
117.65765765765765,1.9224470345608803e-07,5.191660672090851e-08,5.424984832881141e-08
117.83783783783784,1.9025786253142022e-07,5.137120750281612e-08,5.364125228905801e-08
118.01801801801801,1.887679518343677e-07,5.108719013472056e-08,5.3286391435604e-08
118.1981981981982,1.888571687580915e-07,5.124461598289832e-08,5.338669815034711e-08
118.37837837837837,1.8922766103408444e-07,5.15849834993091e-08,5.3663714352683454e-08
118.55855855855856,1.895981533100774e-07,5.1925351015719925e-08,5.394073055501982e-08
118.73873873873873,1.899686455860704e-07,5.226571853213071e-08,5.421774675735615e-08
118.91891891891892,1.9032812891410647e-07,5.2575989888123806e-08,5.446797699601092e-08
119.09909909909909,1.8956055613353418e-07,5.250541548385728e-08,5.4367854675250577e-08
119.27927927927928,1.8775373414953688e-07,5.21051407917286e-08,5.397560916954009e-08
119.45945945945945,1.859781694806832e-07,5.168313392773004e-08,5.356024718166671e-08
119.63963963963964,1.842026048118294e-07,5.1261127063731456e-08,5.314488519379328e-08
119.81981981981981,1.8242704014297573e-07,5.0839120199732905e-08,5.27295232059199e-08
120.0,1.8071779017781034e-07,5.046467390540486e-08,5.233946924084328e-08
120.18018018018017,1.7935448302022935e-07,5.019246378955957e-08,5.201858628489163e-08
120.36036036036036,1.7808579084399454e-07,4.996652336060097e-08,5.1722060860409554e-08
120.54054054054053,1.7680294852893088e-07,4.974122837303431e-08,5.1426010681591104e-08
120.72072072072072,1.755267071964927e-07,4.9518764312256505e-08,5.113236191684554e-08
120.9009009009009,1.7435839344049644e-07,4.9340486239193415e-08,5.087855181848016e-08
121.08108108108108,1.7422049360827397e-07,4.9517914988099084e-08,5.098259635235421e-08
121.26126126126125,1.7562912840557643e-07,5.025086939160238e-08,5.161948010505219e-08
121.44144144144144,1.7707563032285793e-07,5.099855438254249e-08,5.2273547263292357e-08
121.62162162162161,1.7852213224013934e-07,5.174623937348256e-08,5.292761442153247e-08
121.8018018018018,1.7996082101982122e-07,5.248722480660234e-08,5.357490083618546e-08
121.98198198198197,1.806722509373062e-07,5.288762385650696e-08,5.3890186193708284e-08
122.16216216216216,1.7962146156932409e-07,5.2472902061743406e-08,5.3418172147030796e-08
122.34234234234233,1.7746776746142828e-07,5.153570673650639e-08,5.243707958391305e-08
122.52252252252252,1.7531407335353229e-07,5.0598511411269285e-08,5.145598702079522e-08
122.7027027027027,1.7316037924563645e-07,4.966131608603227e-08,5.047489445767748e-08
122.88288288288288,1.7107867374882509e-07,4.876319817041646e-08,4.953776851360147e-08
123.06306306306305,1.6943410841594276e-07,4.833165302459694e-08,4.9088956458311174e-08
123.24324324324324,1.6842421641300913e-07,4.870474276685415e-08,4.943314490291298e-08
123.42342342342342,1.675482404466395e-07,4.914163089090085e-08,4.986059169874992e-08
123.6036036036036,1.6667226448026983e-07,4.957851901494758e-08,5.0288038494586904e-08
123.78378378378378,1.6579628851390018e-07,5.001540713899429e-08,5.071548529042385e-08
123.96396396396396,1.6478520766974346e-07,5.0351821528896345e-08,5.104290747707882e-08
124.14414414414414,1.6418067215417673e-07,5.005591075468949e-08,5.079199323655566e-08
124.32432432432432,1.6353885481839822e-07,4.949078984601213e-08,5.027491212973464e-08
124.5045045045045,1.6286870896514354e-07,4.89080770449909e-08,4.974518473212712e-08
124.68468468468468,1.6219813270569704e-07,4.8325679080828747e-08,4.921563481789675e-08
124.86486486486486,1.6153004296957107e-07,4.7752505476756394e-08,4.869460691441801e-08
125.04504504504504,1.6059594603285403e-07,4.7272128487996105e-08,4.825522052133141e-08
125.22522522522522,1.588372516930459e-07,4.707935449852047e-08,4.8074941313415455e-08
125.4054054054054,1.5708640675252792e-07,4.689834462359089e-08,4.790414685318275e-08
125.58558558558558,1.5533556181201005e-07,4.6717334748661315e-08,4.773335239295005e-08
125.76576576576576,1.5358403767208574e-07,4.653736245160056e-08,4.756281658129046e-08
125.94594594594594,1.5185038715598035e-07,4.6382229290785155e-08,4.7408108303210423e-08
126.12612612612612,1.5149477003356512e-07,4.6537783825314556e-08,4.761742528410349e-08
126.3063063063063,1.5172394738001565e-07,4.6866324573547576e-08,4.8001321479006946e-08
126.48648648648648,1.5196825851601378e-07,4.719886136015014e-08,4.839002521111999e-08
126.66666666666666,1.522125696520119e-07,4.753139814675268e-08,4.877872894323299e-08
126.84684684684684,1.524461182004922e-07,4.786205498282909e-08,4.916504199881363e-08
127.02702702702702,1.523233693290502e-07,4.79769632254913e-08,4.930497623755e-08
127.2072072072072,1.5039466557083654e-07,4.7113636744319843e-08,4.839572932028626e-08
127.38738738738738,1.4842085715103496e-07,4.621541547680025e-08,4.743738016606383e-08
127.56756756756756,1.4644704873123322e-07,4.5317194209280576e-08,4.647903101184133e-08
127.74774774774774,1.444732403114316e-07,4.4418972941760976e-08,4.552068185761888e-08
127.92792792792793,1.4254850704227308e-07,4.3526983309487635e-08,4.456855641780538e-08
128.1081081081081,1.4149993687699996e-07,4.301841763886064e-08,4.3997892336160874e-08
128.28828828828827,1.4095976279533193e-07,4.272781711568696e-08,4.364077322795058e-08
128.46846846846847,1.4049092171509607e-07,4.2456788333470366e-08,4.330438584435252e-08
128.64864864864865,1.4002202596216428e-07,4.218576310289749e-08,4.296798319849878e-08
128.82882882882882,1.3955098349111618e-07,4.191496399261854e-08,4.263103842965199e-08
129.009009009009,1.3916162373659226e-07,4.1648887182121565e-08,4.230911174625343e-08
129.1891891891892,1.3882013778019653e-07,4.1592550905241074e-08,4.219075352729337e-08
129.36936936936937,1.3854613516285938e-07,4.153092945696449e-08,4.2075239684012435e-08
129.54954954954954,1.3827213254552226e-07,4.146930800868791e-08,4.195972584073148e-08
129.7297297297297,1.3799823380811058e-07,4.1407698341886074e-08,4.18442406241201e-08
129.9099099099099,1.377269491558071e-07,4.1348735461466184e-08,4.1734905921618945e-08
130.0900900900901,1.3787742401510722e-07,4.130181594381126e-08,4.165316915229561e-08
130.27027027027026,1.383593302733105e-07,4.1272462743537474e-08,4.160674748907392e-08
130.45045045045043,1.3887413312073124e-07,4.124393498056484e-08,4.1563951660103796e-08
130.63063063063063,1.3938893596815202e-07,4.121540721759221e-08,4.152115583113366e-08
130.8108108108108,1.3990373881557275e-07,4.118687945461958e-08,4.147836000216353e-08
130.99099099099098,1.4027887097478583e-07,4.1190050485679715e-08,4.146099337639587e-08
131.17117117117115,1.397825529802091e-07,4.130303978690453e-08,4.1520764435743734e-08
131.35135135135135,1.3908559627834053e-07,4.145698545111038e-08,4.161247345237088e-08
131.53153153153153,1.3838883446961033e-07,4.16108624498858e-08,4.1704293488589335e-08
131.7117117117117,1.3769207266088008e-07,4.176473944866121e-08,4.1796113524807776e-08
131.89189189189187,1.3697614144532472e-07,4.1912785829287045e-08,4.1881577061865247e-08
132.07207207207207,1.362389064602116e-07,4.178978603202994e-08,4.175719537445158e-08
132.25225225225225,1.352767775894681e-07,4.147384109687935e-08,4.144599845586751e-08
132.43243243243242,1.343490136152229e-07,4.109204225376719e-08,4.109164045160748e-08
132.6126126126126,1.3342058021868593e-07,4.07091670900444e-08,4.0736896646961716e-08
132.7927927927928,1.3249214682214883e-07,4.0326291926321554e-08,4.0382152842315906e-08
132.97297297297297,1.3153691350139242e-07,4.0004548628851826e-08,4.010182293908601e-08
133.15315315315314,1.3151056021056044e-07,3.991125119529983e-08,4.007599934315583e-08
133.33333333333331,1.3160303284417972e-07,3.993364041637589e-08,4.0190143898225495e-08
133.51351351351352,1.3169959316676864e-07,3.9959173066730235e-08,4.030671704350435e-08
133.6936936936937,1.3179613518453614e-07,3.9984852918902134e-08,4.042339057912928e-08
133.87387387387386,1.3187566679875645e-07,4.001049288534787e-08,4.053344030252195e-08
134.05405405405403,1.3164417161884497e-07,3.995587657674969e-08,4.053156574241406e-08
134.23423423423424,1.3087530344346855e-07,3.9784746242141216e-08,4.034658392997211e-08
134.4144144144144,1.3004072408095139e-07,3.959723668410035e-08,4.013492880711091e-08
134.59459459459458,1.2920614471843425e-07,3.940972712605949e-08,3.992327368424971e-08
134.77477477477476,1.283715653559171e-07,3.9222217568018625e-08,3.971161856138851e-08
134.95495495495496,1.2774238076155767e-07,3.9097538936383384e-08,3.955527226321272e-08
135.13513513513513,1.2667348017380113e-07,3.9128988293041684e-08,3.951221640977529e-08
135.3153153153153,1.257684308255768e-07,3.931520122358886e-08,3.9595328618419195e-08
135.49549549549548,1.248770534957518e-07,3.95022701396582e-08,3.968005945305189e-08
135.67567567567568,1.2398567616592669e-07,3.968933905572756e-08,3.976479028768461e-08
135.85585585585585,1.230934640218054e-07,3.987597637572111e-08,3.9849264761780524e-08
136.03603603603602,1.2195889591328194e-07,3.99178632889026e-08,3.982144234854327e-08
136.2162162162162,1.2102922724408553e-07,3.9703649855134175e-08,3.9637539282752346e-08
136.3963963963964,1.1992242386992037e-07,3.943559003268387e-08,3.940685353391944e-08
136.57657657657657,1.1880479973250163e-07,3.91671931817891e-08,3.917482978114489e-08
136.75675675675674,1.176871755950829e-07,3.889879633089434e-08,3.894280602837034e-08
136.93693693693692,1.1667255174350519e-07,3.8649215496914185e-08,3.8728864333011114e-08
137.11711711711712,1.1611495357578074e-07,3.846570635769942e-08,3.858600478695641e-08
137.2972972972973,1.1599298341306044e-07,3.835596771903005e-08,3.85110877928989e-08
137.47747747747746,1.1587901384187651e-07,3.824651975071937e-08,3.8438758493967764e-08
137.65765765765764,1.1576604434463463e-07,3.8137108116203524e-08,3.8366752656927416e-08
137.83783783783784,1.1566303789407874e-07,3.802969619679537e-08,3.829673918220688e-08
138.018018018018,1.1542118638899805e-07,3.802036248033176e-08,3.8294360806745765e-08
138.19819819819818,1.1429472192523173e-07,3.832227319335413e-08,3.8498610783389394e-08
138.3783783783784,1.1315228522101037e-07,3.867958881401851e-08,3.874285552597002e-08
138.55855855855856,1.1200984851678915e-07,3.9036904434682826e-08,3.89871002685506e-08
138.73873873873873,1.1086741181256796e-07,3.939422005534715e-08,3.923134501113119e-08
138.9189189189189,1.0958841851929455e-07,3.942644281725487e-08,3.916670178809892e-08
139.0990990990991,1.075009355181599e-07,3.7260815719854976e-08,3.7017989812941255e-08
139.27927927927928,1.0446414081205025e-07,3.247272324756568e-08,3.238313663094339e-08
139.45945945945945,1.0140172934147178e-07,2.7672978436117646e-08,2.7736450658730895e-08
139.63963963963963,9.833931787089329e-08,2.287323362466961e-08,2.3089764686518402e-08
139.81981981981983,9.528235259048954e-08,1.8082688889787468e-08,1.845197869008474e-08
140.0,9.2517736875827e-08,1.3555182354323263e-08,1.4068501425506675e-08
140.18018018018017,9.256514306607161e-08,1.3253732964113495e-08,1.3771204489812141e-08
140.36036036036035,9.289969181153615e-08,1.3229254545182219e-08,1.3743190258669607e-08
140.54054054054055,9.324229025243635e-08,1.3207009816886935e-08,1.3716589016958067e-08
140.72072072072072,9.35848886933365e-08,1.3184765088591652e-08,1.3689987775246534e-08
140.9009009009009,9.392748713423665e-08,1.3162520360296372e-08,1.3663386533534998e-08
141.08108108108107,9.414365149439003e-08,1.3057195042577856e-08,1.3569687330204308e-08
141.26126126126127,9.434972533777034e-08,1.2906585305038314e-08,1.3439825431467733e-08
141.44144144144144,9.451554474059087e-08,1.2740082605759773e-08,1.329705396954348e-08
141.6216216216216,9.467865839930887e-08,1.2572652746994807e-08,1.315350218135974e-08
141.8018018018018,9.483930074924765e-08,1.240715013453803e-08,1.301225595224932e-08
141.981981981982,9.502651955621163e-08,1.227079370079145e-08,1.2897459303391608e-08
142.16216216216216,9.446350423613253e-08,1.2355972022642919e-08,1.2994176214651589e-08
142.34234234234233,9.385293018106945e-08,1.250584190354331e-08,1.3152056311396874e-08
142.5225225225225,9.323805286446567e-08,1.2655732356151182e-08,1.330995782993529e-08
142.7027027027027,9.262317554786177e-08,1.2805622808759075e-08,1.3467859348473739e-08
142.88288288288288,9.20033171081365e-08,1.294308486624116e-08,1.3613979179882572e-08
143.06306306306305,9.087326758024716e-08,1.2454137301050314e-08,1.3089493964303554e-08
143.24324324324323,8.930948659149339e-08,1.1350857667982518e-08,1.1914023387880399e-08
143.42342342342343,8.760641889966191e-08,1.0090054417923368e-08,1.0570043042560357e-08
143.6036036036036,8.59033512078307e-08,8.829251167864415e-09,9.226062697240523e-09
143.78378378378378,8.42002835159995e-08,7.568447917805464e-09,7.88208235192069e-09
143.96396396396395,8.249675917604806e-08,6.319173563204994e-09,6.551895557446058e-09
144.14414414414415,8.15313503478573e-08,6.019433002369838e-09,6.2585435274594715e-09
144.32432432432432,8.065596096338543e-08,5.908466943182001e-09,6.172420478363256e-09
144.5045045045045,7.982227133982077e-08,5.826790790652785e-09,6.118595223266866e-09
144.68468468468467,7.898858171625612e-08,5.7451146381235646e-09,6.064769968170477e-09
144.86486486486487,7.815489209269134e-08,5.663438485594335e-09,6.010944713074077e-09
145.04504504504504,7.709157124206913e-08,5.585026903637575e-09,5.944957432717293e-09
145.22522522522522,7.600027707235431e-08,5.5409463297901455e-09,5.893623655825917e-09
145.4054054054054,7.479402126837517e-08,5.495387278020264e-09,5.836582830289914e-09
145.5855855855856,7.357819744320046e-08,5.447923236608187e-09,5.777030411862404e-09
145.76576576576576,7.236237361802594e-08,5.4004591951961175e-09,5.717477993434905e-09
145.94594594594594,7.129892823060848e-08,5.3516801751848185e-09,5.657660211141165e-09
146.1261261261261,7.119933274925468e-08,5.31796889807789e-09,5.62014832520369e-09
146.3063063063063,7.178866694979968e-08,5.28643948785673e-09,5.590012855041691e-09
146.48648648648648,7.237920288283312e-08,5.255461614470504e-09,5.560442024286236e-09
146.66666666666666,7.297083260043833e-08,5.224611863770534e-09,5.530953940881453e-09
146.84684684684683,7.35520614422063e-08,5.196639454577584e-09,5.505080810207756e-09
147.02702702702703,7.382321679743133e-08,5.18458922462585e-09,5.49044081904132e-09
147.2072072072072,7.376725422198946e-08,5.205725791557029e-09,5.500334951656481e-09
147.38738738738738,7.350804260806028e-08,5.238930979888719e-09,5.521147095198987e-09
147.56756756756755,7.324883099413109e-08,5.272136168220408e-09,5.5419592387414915e-09
147.74774774774775,7.298961938020186e-08,5.305341356552102e-09,5.562771382284e-09
147.92792792792793,7.266066245624511e-08,5.327443762220185e-09,5.573803758217866e-09
148.1081081081081,7.19946776365091e-08,5.3197170380633675e-09,5.559641510283099e-09
148.28828828828827,7.102695467273568e-08,5.286269888750514e-09,5.524496894033687e-09
148.46846846846847,7.002709939275718e-08,5.245295681584285e-09,5.482364713277541e-09
148.64864864864865,6.902724411277885e-08,5.204321474418061e-09,5.440232532521402e-09
148.82882882882882,6.80271255469376e-08,5.163367935597404e-09,5.39809236790407e-09
149.009009009009,6.738125857688558e-08,5.1303949665319205e-09,5.360620755575075e-09
149.1891891891892,6.775064760810401e-08,5.106573630502866e-09,5.337311980021959e-09
149.36936936936937,6.834732227498219e-08,5.086943958386579e-09,5.316405322193243e-09
149.54954954954954,6.896673493749984e-08,5.068662098846411e-09,5.296078757386567e-09
149.7297297297297,6.958614760001748e-08,5.050380239306243e-09,5.275752192579892e-09
149.9099099099099,7.017297356353744e-08,5.03246387869758e-09,5.25600685159218e-09
150.0900900900901,7.028721924657158e-08,5.0345579688612075e-09,5.248379965393873e-09
150.27027027027026,6.984221881527393e-08,5.054157773592342e-09,5.250382049609955e-09
150.45045045045043,6.93951084320894e-08,5.074442475396964e-09,5.2531892125425345e-09
150.63063063063063,6.894704516740748e-08,5.095036485557357e-09,5.256359959411599e-09
150.8108108108108,6.848442148233656e-08,5.113394117398456e-09,5.257631651717316e-09
150.99099099099098,6.811280176222481e-08,5.122519955796645e-09,5.251359729924202e-09
151.17117117117115,6.824799626530852e-08,5.077564279846284e-09,5.206404857893286e-09
151.35135135135135,6.847902867636004e-08,5.014732778225349e-09,5.146978402524965e-09
151.53153153153153,6.871006108741149e-08,4.951901276604424e-09,5.0875519471566536e-09
151.7117117117117,6.894109349846297e-08,4.889069774983499e-09,5.028125491788342e-09
151.89189189189187,6.924902579937678e-08,4.845290276715108e-09,4.986880849831999e-09
152.07207207207207,6.967558726684764e-08,4.832030322206523e-09,4.974167207777825e-09
152.25225225225225,7.047966557724137e-08,4.898878318891701e-09,5.037088091985826e-09
152.43243243243242,7.131460859230995e-08,4.977691852107192e-09,5.111405898262103e-09
152.6126126126126,7.214955160737853e-08,5.056505385322683e-09,5.185723704538381e-09
152.7927927927928,7.298449462244722e-08,5.135318918538186e-09,5.26004151081467e-09
152.97297297297297,7.347724358923395e-08,5.161313109420184e-09,5.282519820073573e-09
153.15315315315314,7.280199935070162e-08,5.1290061124801084e-09,5.247582457833589e-09
153.33333333333331,7.147828089263973e-08,5.039920937854522e-09,5.1571383883758465e-09
153.51351351351352,7.014509267797119e-08,4.9393622654861355e-09,5.055317523696615e-09
153.6936936936937,6.881190446330282e-08,4.8388035931177644e-09,4.9534966590174e-09
153.87387387387386,6.749566503334528e-08,4.738243164697186e-09,4.851644628330295e-09
154.05405405405403,6.644490648212595e-08,4.704477829341197e-09,4.817506190289636e-09
154.23423423423424,6.603857065123141e-08,4.721620995810483e-09,4.8325121969049716e-09
154.4144144144144,6.565676447158847e-08,4.756597880766308e-09,4.8652592300510225e-09
154.59459459459458,6.527036445994585e-08,4.795182241929255e-09,4.9021540304807165e-09
154.77477477477476,6.488747535230294e-08,4.833166230407493e-09,4.93830430754213e-09
154.95495495495496,6.450864334338122e-08,4.868502243085539e-09,4.971480085872032e-09
155.13513513513513,6.457805105882513e-08,4.882465169731664e-09,4.981123904225768e-09
155.3153153153153,6.480410488601815e-08,4.883091750937305e-09,4.975719047263049e-09
155.49549549549548,6.50344708587429e-08,4.883717291732397e-09,4.970320027729057e-09
155.67567567567568,6.526483683146765e-08,4.884342832527489e-09,4.964921008195065e-09
155.85585585585585,6.549929060810851e-08,4.8831463005072835e-09,4.95778552088704e-09
156.03603603603602,6.564520973837338e-08,4.873877335575367e-09,4.946925988406373e-09
156.2162162162162,6.565924687532868e-08,4.849867468476631e-09,4.926207518181643e-09
156.3963963963964,6.564237295279242e-08,4.820199687241605e-09,4.902044805804773e-09
156.57657657657657,6.562549903025617e-08,4.790531906006585e-09,4.877882093427909e-09
156.75675675675674,6.560862510771991e-08,4.760864124771562e-09,4.853719381051044e-09
156.93693693693692,6.563920912377821e-08,4.741360066482917e-09,4.8386100273046225e-09
157.11711711711712,6.489999192177651e-08,4.756298516456526e-09,4.854662606031606e-09
157.2972972972973,6.391698549822526e-08,4.792074952417306e-09,4.888645910302581e-09
157.47747747747746,6.290555530787938e-08,4.8352642447282305e-09,4.929582995733071e-09
157.65765765765764,6.189412511753351e-08,4.878453537039155e-09,4.970520081163561e-09
157.83783783783784,6.088165067377007e-08,4.921173140135064e-09,5.011008200669489e-09
158.018018018018,6.023447032118695e-08,4.9345980195047535e-09,5.022953113557571e-09
158.19819819819818,6.031460001178534e-08,4.873526958310316e-09,4.9640714627547655e-09
158.37837837837836,6.066240420660779e-08,4.804541393676492e-09,4.8985012820780124e-09
158.55855855855856,6.099097394505148e-08,4.730269108555799e-09,4.827168300457293e-09
158.73873873873873,6.131954368349511e-08,4.655996823435119e-09,4.7558353188365835e-09
158.9189189189189,6.166766364475657e-08,4.586115101412316e-09,4.689294449737252e-09
159.09909909909908,6.130821223608646e-08,4.5645067659273815e-09,4.67280623168707e-09
159.27927927927928,6.071291772474292e-08,4.593287282380794e-09,4.709956079576445e-09
159.45945945945945,6.001424065427543e-08,4.62220945246992e-09,4.746977638902039e-09
159.63963963963963,5.931552334056446e-08,4.651192763238467e-09,4.784065930437524e-09
159.8198198198198,5.862092160289865e-08,4.6769952321369805e-09,4.817046676595644e-09
160.0,5.8405127449941476e-08,4.694142076708793e-09,4.837446443645195e-09
160.18018018018017,5.865996963629494e-08,4.686380799029923e-09,4.824870172266887e-09
160.36036036036035,5.9401850559447424e-08,4.6636022132842834e-09,4.791497831025274e-09
160.54054054054052,6.014373148259992e-08,4.6408236275386426e-09,4.75812548978366e-09
160.72072072072072,6.088561240575253e-08,4.618045041792999e-09,4.724753148542041e-09
160.9009009009009,6.163953950560087e-08,4.595869936369857e-09,4.692681419134154e-09
161.08108108108107,6.179020463787166e-08,4.577690220274581e-09,4.662935962697302e-09
161.26126126126124,6.147746246621024e-08,4.565449310682878e-09,4.635808983109777e-09
161.44144144144144,6.1092589796949e-08,4.553525915369512e-09,4.610142061380281e-09
161.6216216216216,6.07077171276878e-08,4.541602520056149e-09,4.584475139650789e-09
161.8018018018018,6.03228444584266e-08,4.529679124742785e-09,4.558808217921297e-09
161.981981981982,5.995550354456694e-08,4.528324750287102e-09,4.544388998852722e-09
162.16216216216216,5.987179695133522e-08,4.539736734078575e-09,4.543427579369126e-09
162.34234234234233,5.9830323887479e-08,4.559217651158255e-09,4.551144132532734e-09
162.5225225225225,5.979392355339468e-08,4.581667262347818e-09,4.5619702001716195e-09
162.7027027027027,5.975752321931036e-08,4.604116873537385e-09,4.572796267810505e-09
162.88288288288288,5.972112288522601e-08,4.626566484726949e-09,4.5836223354493895e-09
163.06306306306305,5.958196020288116e-08,4.622291201118366e-09,4.577993716885452e-09
163.24324324324323,5.930898067967714e-08,4.594073588193755e-09,4.558277419265128e-09
163.42342342342343,5.902215015914795e-08,4.561071450231583e-09,4.536068190577955e-09
163.6036036036036,5.873478313407425e-08,4.526991755861976e-09,4.512837940009145e-09
163.78378378378378,5.8446779618510075e-08,4.496133470849548e-09,4.49297605333239e-09
163.96396396396395,5.8246139341109425e-08,4.469652330363773e-09,4.477119603646992e-09
164.14414414414415,5.851041793074046e-08,4.4860591377028454e-09,4.497593199850713e-09
164.32432432432432,5.901571771117285e-08,4.526975595045792e-09,4.5410284127142994e-09
164.5045045045045,5.952301884020662e-08,4.568619576599655e-09,4.5850823149123765e-09
164.68468468468467,6.003031996924037e-08,4.610263558153518e-09,4.6291362171104535e-09
164.86486486486487,6.051534247014161e-08,4.642619089520784e-09,4.663793993390741e-09
165.04504504504504,6.06828240733903e-08,4.651281235985035e-09,4.675504258961299e-09
165.22522522522522,6.00254404051385e-08,4.618578563468325e-09,4.647956480771265e-09
165.4054054054054,5.9311315173209673e-08,4.566928993544756e-09,4.6013372286226e-09
165.5855855855856,5.8597189941280744e-08,4.515279423621181e-09,4.554717976473928e-09
165.76576576576576,5.788306470935194e-08,4.463629853697613e-09,4.508098724325264e-09
165.94594594594594,5.729373039770607e-08,4.420011658663613e-09,4.468749740199839e-09
166.1261261261261,5.7252373848515214e-08,4.397313863749144e-09,4.443391632605979e-09
166.3063063063063,5.766429886358107e-08,4.386034031658895e-09,4.424891713559967e-09
166.48648648648648,5.8081708837543766e-08,4.379886160401204e-09,4.411596429458775e-09
166.66666666666666,5.849911881150647e-08,4.373738289143512e-09,4.398301145357581e-09
166.84684684684683,5.889593611479657e-08,4.367909624535495e-09,4.385490811775603e-09
167.02702702702703,5.9177696282659465e-08,4.372855107527081e-09,4.386424888291249e-09
167.2072072072072,5.8257406968256776e-08,4.403418783785754e-09,4.423221238574425e-09
167.38738738738738,5.7352136699776296e-08,4.436251739392058e-09,4.4629512694736615e-09
167.56756756756755,5.645948992602692e-08,4.470617791520092e-09,4.5044612228240265e-09
167.74774774774775,5.5560216537309505e-08,4.503259661177245e-09,4.544022631309738e-09
167.92792792792793,5.467685512231878e-08,4.52808983287316e-09,4.57621437907419e-09
168.1081081081081,5.406526653188312e-08,4.519968293964344e-09,4.576056277996336e-09
168.28828828828827,5.364548130330798e-08,4.464754922859277e-09,4.529341556548706e-09
168.46846846846847,5.322569607473276e-08,4.4095415517542e-09,4.482626835101068e-09
168.64864864864865,5.2805910846157606e-08,4.354328180649133e-09,4.435912113653437e-09
168.82882882882882,5.238900557731325e-08,4.305927519265783e-09,4.395744053042502e-09
169.009009009009,5.20635093383073e-08,4.27841742360271e-09,4.371123932401961e-09
169.1891891891892,5.252169026842172e-08,4.281384825235746e-09,4.363664452029166e-09
169.36936936936937,5.3030254434769254e-08,4.314454777067861e-09,4.38161378635407e-09
169.54954954954954,5.353899823200496e-08,4.34752437222572e-09,4.399562751975298e-09
169.7297297297297,5.404774202924067e-08,4.380593967383581e-09,4.417511717596526e-09
169.9099099099099,5.456016684207989e-08,4.404530377420309e-09,4.4255303665603985e-09
170.0900900900901,5.487503206998751e-08,4.4153560582168486e-09,4.423691077729948e-09
170.27027027027026,5.5034051710511295e-08,4.4202713149225265e-09,4.417107174436645e-09
170.45045045045043,5.518284770078928e-08,4.413653284790627e-09,4.398888513375495e-09
170.63063063063063,5.5331643691067286e-08,4.407035254658726e-09,4.3806698523143425e-09
170.8108108108108,5.548043968134528e-08,4.400417224526826e-09,4.362451191253192e-09
170.99099099099098,5.545823308777923e-08,4.314194642856837e-09,4.274794762021519e-09
171.17117117117115,5.467888025549972e-08,4.0215652980962256e-09,4.001343085988834e-09
171.35135135135135,5.3679974899341626e-08,3.6256303431798633e-09,3.6364122717544987e-09
171.53153153153153,5.26765387086773e-08,3.2318672920473345e-09,3.2738946689932427e-09
171.7117117117117,5.167366774291411e-08,2.838203144809343e-09,2.911482614694333e-09
171.89189189189187,5.06710447790147e-08,2.4447668580360773e-09,2.549257053847641e-09
172.07207207207207,5.0183876153705723e-08,2.2363764704417263e-09,2.3543299744207106e-09
172.25225225225225,5.00929249432603e-08,2.183955088506492e-09,2.3006792413983003e-09
172.43243243243242,5.011101089348202e-08,2.1667206095091934e-09,2.2787723411014233e-09
172.6126126126126,5.0129096843703727e-08,2.1494861305118955e-09,2.256865440804545e-09
172.7927927927928,5.0141621620361936e-08,2.1308093834026287e-09,2.233871287705872e-09
172.97297297297297,5.012032718768379e-08,2.1090075575678436e-09,2.2089422226228297e-09
173.15315315315314,5.0242147417493856e-08,2.1026902062331152e-09,2.201222233737655e-09
173.33333333333331,5.0324806070326485e-08,2.090492807591956e-09,2.1904616462722146e-09
173.51351351351352,5.040957603445952e-08,2.0786337843077674e-09,2.180027073897055e-09
173.6936936936937,5.049434599859253e-08,2.0667747610235806e-09,2.1695925015218987e-09
173.87387387387386,5.057834108770597e-08,2.0556169148483765e-09,2.159515078566838e-09
174.05405405405403,5.0679668027163686e-08,2.0470891753169028e-09,2.15048965443989e-09
174.23423423423424,5.0721239058521005e-08,2.041153522448785e-09,2.1452883133477156e-09
174.4144144144144,5.0784919151522784e-08,2.0369528309167255e-09,2.1402379940120125e-09
174.59459459459458,5.084859924452457e-08,2.0327521393846666e-09,2.1351876746763085e-09
174.77477477477476,5.0912279337526356e-08,2.0285514478526073e-09,2.130137355340605e-09
174.95495495495496,5.090311132301819e-08,2.023824923193323e-09,2.125511622445535e-09
175.13513513513513,5.0591639279385924e-08,2.01688358174312e-09,2.1193359864997455e-09
175.3153153153153,5.004356553910883e-08,2.009064541941141e-09,2.113129699076319e-09
175.49549549549548,4.9501671873583254e-08,2.00092966108606e-09,2.1070184093079445e-09
175.67567567567568,4.895977820805759e-08,1.992794780230978e-09,2.1009071195395684e-09
175.85585585585585,4.8417884542532e-08,1.9846598993758972e-09,2.0947958297711937e-09
176.03603603603602,4.776031059202649e-08,1.9801970333073626e-09,2.0929698254434834e-09
176.2162162162162,4.698366805781579e-08,1.983319927380923e-09,2.1009044682483478e-09
176.3963963963964,4.614827293463448e-08,1.986929537172522e-09,2.1092350517821554e-09
176.57657657657657,4.531368353669041e-08,1.990919329209199e-09,2.1180206217029097e-09
176.75675675675674,4.4479624523435826e-08,1.994304776394091e-09,2.125957031139506e-09
176.93693693693692,4.385046322158317e-08,1.996126909252504e-09,2.1318431019312584e-09
177.11711711711712,4.403403222448018e-08,1.9957391445210175e-09,2.1339192737478477e-09
177.2972972972973,4.508270334896234e-08,1.9888364643934754e-09,2.126832175453493e-09
177.47747747747746,4.613137298377479e-08,1.9818916909983755e-09,2.1196597296576195e-09
177.65765765765764,4.718004261858724e-08,1.974946917603276e-09,2.112487283861746e-09
177.83783783783784,4.8222790138892506e-08,1.96869668541304e-09,2.106102543746296e-09
178.018018018018,4.855662523922465e-08,1.9645164426237867e-09,2.1013684301920883e-09
178.19819819819818,4.7445007516552426e-08,1.960199021070446e-09,2.095826303823088e-09
178.37837837837836,4.587454623638994e-08,1.958787360086683e-09,2.0930687283444543e-09
178.55855855855856,4.430408495622721e-08,1.9573756991029205e-09,2.0903111528658193e-09
178.73873873873873,4.273362367606473e-08,1.955964038119158e-09,2.0875535773871855e-09
178.9189189189189,4.154508922617115e-08,1.9529878807117074e-09,2.0829544974408652e-09
179.09909909909908,4.179252569940818e-08,1.9457691601337286e-09,2.070862720239966e-09
179.27927927927928,4.428673110712094e-08,1.9388612819993286e-09,2.056093799231818e-09
179.45945945945945,4.6757877098922124e-08,1.929147831874573e-09,2.038376835547078e-09
179.63963963963963,4.922902309072329e-08,1.9194343817498166e-09,2.020659871862338e-09
179.8198198198198,5.170016908252446e-08,1.9097209316250597e-09,2.0029429081775983e-09
180.0,5.345982141490142e-08,1.9003436855835853e-09,1.9859290416830568e-09
