frequency_bin_normalized_0_to_1,mean_normalized_energy,std_normalized_energy
0.0005,0.7473157237729692,0.10030932843610747
0.0015,0.024928476306377317,0.03562112873533652
0.0025,0.021216625621791704,0.02858796901388488
0.0035,0.01737206778416299,0.021309530878197817
0.0045000000000000005,0.0050699033911704204,0.007709213188488752
0.0055,0.008709707946933537,0.008247315149037699
0.006500000000000001,0.0055814384468817054,0.005336949000835583
0.0075,0.0045664978190987394,0.004178659377577557
0.0085,0.005263548907969343,0.004318784977093424
0.009500000000000001,0.004055999628064873,0.003238423461011162
0.010499999999999999,0.002716589927283658,0.0023848524733760777
0.0115,0.004245162063287806,0.0035486839466948206
0.0125,0.0023895408519150085,0.0026459001131888013
0.013500000000000002,0.0029285373901446836,0.002091892258693633
0.014499999999999999,0.00271302978232043,0.0022321299170311947
0.0155,0.0031724506557273147,0.0031921862019267688
0.0165,0.0016589549673526158,0.0012992517691310151
0.0175,0.0026210467257081153,0.0020516975825633846
0.018500000000000003,0.001978075153509137,0.0022637000351018463
0.0195,0.0019879660742738218,0.00200882296839218
0.0205,0.002114371151973461,0.0022025278728418406
0.0215,0.0020325013871957563,0.0015696813970925
0.0225,0.0014452529356099684,0.0019229225544434335
0.0235,0.002110646161910328,0.0015709288067283797
0.0245,0.0015062734541410056,0.0021066136224211396
0.025500000000000002,0.0015730482203370555,0.0022457284231039948
0.026500000000000003,0.0017828554028748067,0.0014607426395613693
0.0275,0.001872234815402349,0.002181272124413162
0.0285,0.0011043782911746433,0.0014459276207992586
0.0295,0.002010963983392433,0.0016990988194186863
0.0305,0.0010818545815959495,0.002041824445180586
0.0315,0.0016589178101224333,0.002048842666485742
0.0325,0.0011587636610049655,0.0011250522499474894
0.0335,0.0012953128021806059,0.0015296936885933515
0.0345,0.0011481535935761982,0.0015078956786326034
0.035500000000000004,0.0015835084559501248,0.0013674217109368944
0.036500000000000005,0.0009545252583654859,0.0011680286347857765
0.0375,0.0013181770753815142,0.0016874320652189403
0.0385,0.0011124110528749607,0.0012118928431803407
0.0395,0.0011913714685469353,0.0010420998124533363
0.0405,0.0009270487553534526,0.0012609545673302393
0.0415,0.0015256294183665711,0.0016416218770932709
0.0425,0.001082652703724602,0.0011768607603976319
0.0435,0.00099156247100356,0.0007895933274822984
0.0445,0.0010969142625663,0.0010328236918021867
0.0455,0.0011314205416018059,0.001986289597959084
0.0465,0.0009384853233155997,0.0008581875370891575
0.0475,0.000968091583712342,0.0010503265328046555
0.0485,0.00093365818451355,0.0011400839036068333
0.0495,0.00082938991344647,0.000704244481083409
0.0505,0.0009683638428563252,0.0009483518173488466
0.051500000000000004,0.000651424652745418,0.0006034196704319442
0.052500000000000005,0.0009839809451305714,0.0011903456799358377
0.0535,0.0006849612912329516,0.0006332812745394549
0.0545,0.0007189683111535774,0.0005696129777566374
0.0555,0.0008262781411580319,0.0009185006873216174
0.0565,0.0008336580832699652,0.0010189123797984848
0.0575,0.0005851655498111956,0.0005241801723448125
0.0585,0.0007623539296515036,0.0006308640483072312
0.0595,0.0006673967625719893,0.0008824264124795998
0.0605,0.0006887506272488528,0.0005940150090506008
0.0615,0.0006274165593872719,0.0005522497359856459
0.0625,0.0008440128684445874,0.0009660879362168865
0.0635,0.0005852316735722049,0.0006800907655505261
0.0645,0.0006975191181864662,0.0005308153793680347
0.0655,0.0005637307263508153,0.0005003262543824598
0.0665,0.0006839926287381456,0.000784826414445402
0.0675,0.0006542155270712758,0.0007258656142020913
0.0685,0.0006360934280116597,0.0005449374964776437
0.0695,0.000491132013161455,0.0005572531651681083
0.07050000000000001,0.0007459963869980798,0.0007052075988872923
0.07150000000000001,0.0004637432432109062,0.0004333729484725239
0.07250000000000001,0.0005347743410487505,0.0003704945951942976
0.0735,0.00056311832159975,0.0005689949677726376
0.0745,0.0005925974426885033,0.0005548727684290233
0.0755,0.00044188743542514236,0.0003420608451025202
0.0765,0.000685795708952752,0.0006692627553966722
0.0775,0.00041950583634002905,0.0004530583943319987
0.0785,0.0005498341963843422,0.00038195342656679863
0.0795,0.00046946523360509454,0.0005038790913888295
0.0805,0.0005687938649029155,0.0005672824188120431
0.0815,0.00044300580471446076,0.0004874320071311212
0.0825,0.0005521356575314396,0.0004220182697765948
0.0835,0.0004456657155979371,0.0004927998851318055
0.0845,0.0004991681859228603,0.0004153534908466181
0.0855,0.0004950942038525391,0.0004140118758388232
0.08650000000000001,0.00039763955311602713,0.00035646885865812364
0.0875,0.000452675574994297,0.0003930805943493148
0.0885,0.0004338477381992754,0.0003452773545524215
0.0895,0.00043269493830811416,0.00035048033027065205
0.0905,0.00039660530313858847,0.00039010578897853666
0.0915,0.0004786338622676502,0.0004190844267002105
0.0925,0.00036963469086196305,0.00034545410586182736
0.0935,0.0004181908096399992,0.0003400960774414749
0.0945,0.00037904067349144754,0.00033360941951460416
0.0955,0.00039513185796965404,0.000361303071809622
0.0965,0.00041173609512097783,0.00035492320744990815
0.0975,0.00039631924497939784,0.00035888130723117737
0.0985,0.0003515070229206163,0.0003825111932529402
0.0995,0.00040849170087595507,0.0002845698540880803
0.1005,0.00034336154328168313,0.00031705501123451766
0.1015,0.0003682238441734906,0.0002503859601634231
0.10250000000000001,0.00033409996108288323,0.00029477575878285783
0.10350000000000001,0.00036780719936112933,0.0002540479405091724
0.10450000000000001,0.00032276205687342777,0.0002991139662389743
0.1055,0.0004247113988691842,0.000536110156274476
0.1065,0.00029038192001088587,0.00019897191317177947
0.1075,0.0003481749532415545,0.00026938221143414323
0.1085,0.0003095864146801852,0.00033970502285967416
0.1095,0.0003644929526637566,0.00029584430674774604
0.1105,0.0002668021098341669,0.00020695775638227655
0.1115,0.0003734972130910479,0.00030246870094975345
0.1125,0.0002886711879079693,0.00024977997488527016
0.1135,0.00031508755605671855,0.00021613316737985975
0.1145,0.0003270602874914871,0.00037162418068184885
0.1155,0.00031680851979263804,0.00023108790295552412
0.1165,0.0002628790247717978,0.00027240809113872463
0.11750000000000001,0.0003662333792735454,0.00024056763737381853
0.11850000000000001,0.0002507405940602733,0.00021971753282933463
0.1195,0.0003315124349776328,0.000352978471822243
0.1205,0.0002861077849324564,0.0002437323091923655
0.1215,0.00029224498120723627,0.00021141778918345783
0.1225,0.00024358758450329285,0.00019123730241389322
0.1235,0.00034175209111198706,0.00032185719769122287
0.1245,0.00020734603221208092,0.00016720785508552563
0.1255,0.00033391240576649854,0.0002547923235126359
0.1265,0.00028762905676684493,0.00030172508269336824
0.1275,0.0002572835040792145,0.00017151155923513038
0.1285,0.00025869801389023534,0.0001892413849278613
0.1295,0.00025238956630816773,0.0001962751953144808
0.1305,0.0002796729547117209,0.00024915827693703025
0.1315,0.0002444788949647444,0.00019001076629409714
0.1325,0.00026653839824627187,0.00019980316450073047
0.1335,0.00022270439365997528,0.0001516499833200482
0.1345,0.00024157686502700718,0.00018131820937490736
0.1355,0.0002518267068879655,0.00027555990915846383
0.1365,0.0002408002206011445,0.000162523019553547
0.1375,0.0002253266799373486,0.0002393659882074927
0.1385,0.00027500308343552185,0.0002172128154386008
0.1395,0.00020000435717450416,0.00013827692782319761
0.1405,0.0002645043277188004,0.00021786291750160215
0.14150000000000001,0.0002480546444773617,0.00031523612678545175
0.14250000000000002,0.0002276821690616245,0.00019055372048691128
0.14350000000000002,0.0002264857486281588,0.00015817488706537005
0.14450000000000002,0.00026016894104389723,0.0002902907663289574
0.1455,0.00019989771624103863,0.00014190089019174996
0.1465,0.00024299882932217912,0.00016907384732633597
0.1475,0.00019478600613068216,0.0001450010840916045
0.1485,0.00021969964776871856,0.00017919739724558538
0.1495,0.00020572486415442536,0.00017153969206104921
0.1505,0.00021249417649334742,0.00015068050037298793
0.1515,0.0001937790543083639,0.00018008018689813003
0.1525,0.00023015082974289647,0.0001803513314041919
0.1535,0.0001922096352899883,0.00013847083980343276
0.1545,0.00021195750082841368,0.00015677400432285044
0.1555,0.00020495175778870243,0.00026961834006575405
0.1565,0.00022964164258712922,0.00016593567828189216
0.1575,0.0001680999613852565,0.00012414100946615884
0.1585,0.00026297654962411087,0.0002826728634452508
0.1595,0.0001673562376265558,0.00011741734320926966
0.1605,0.00020142789480475108,0.00014941938893214617
0.1615,0.0001921062323644182,0.00016649745311072642
0.1625,0.00023175350415919962,0.00036287038588188477
0.1635,0.0001545490714456872,0.00011804254894951374
0.1645,0.00022990351191914035,0.00017088523194285564
0.1655,0.00017331407454706003,0.00019374954870368766
0.1665,0.00021298492531556456,0.0001567768256568394
0.1675,0.00019026330079285986,0.0001524464970802955
0.1685,0.00016747896454530426,0.00010947036555347995
0.1695,0.0001781119691866336,0.00011994707946826337
0.1705,0.00019095485710316523,0.000152939680552503
0.1715,0.00016503665336919728,9.81644115987199e-05
0.17250000000000001,0.00018420332082886044,0.00015372953959887564
0.17350000000000002,0.00017704046949307598,0.00012750488429502413
0.17450000000000002,0.00015840016991079128,0.00010225994480375766
0.1755,0.00017656992320304394,0.00012607946835459393
0.1765,0.00016860668724670916,0.00014018257538303907
0.1775,0.00017086322955557848,0.00011663601284482778
0.1785,0.00016151096924800016,0.00012854445880524759
0.1795,0.00018095090455018056,0.0001440240913715046
0.1805,0.00014403341005528796,0.00010024543127780486
0.1815,0.00016864291894359352,0.00011094189023131924
0.1825,0.00016430359734569816,0.0001209765486579552
0.1835,0.00017481847249700325,0.00020496563027186905
0.1845,0.00014992123120694675,0.00011047130348796899
0.1855,0.00018528808769715429,0.00014364278302592565
0.1865,0.00015048562158485285,0.00016443458977834306
0.1875,0.00018083466731332355,0.00012578260529187878
0.1885,0.0001469012341485649,0.0001310772028680796
0.1895,0.00015821895601301532,0.00010569359788595284
0.1905,0.00017701337638928384,0.00018674704555451244
0.1915,0.00015870210224884357,0.0001222636807118302
0.1925,0.00014206572837108459,0.00011722168514377268
0.1935,0.00017440832521420683,0.00010857156635229979
0.1945,0.0001393582702559283,0.00014341599666419484
0.1955,0.00016498690678931393,0.00012727489600431428
0.1965,0.0001480211998222989,0.0001260076808108837
0.1975,0.00018103209471667067,0.00021757344897175963
0.1985,0.00014173473507981277,0.00011819396797390516
0.1995,0.00016495689212304632,0.00010757017363175265
0.2005,0.00015028646065878718,0.0001506480799831498
0.2015,0.00016004955496816856,0.00016142655735943036
0.2025,0.000128544216009416,0.0001000274795151012
0.20350000000000001,0.0001613041497475665,0.00010452223751673919
0.20450000000000002,0.00013921131603955464,0.00016958240623383465
0.20550000000000002,0.00016485979410648505,0.00011577092353175702
0.20650000000000002,0.00011787303824297002,8.970591566461888e-05
0.20750000000000002,0.00015158036675213193,0.00010426104792741847
0.20850000000000002,0.0001717007861411513,0.00018382664078351896
0.2095,0.00013824974948855172,9.485839629604846e-05
0.2105,0.00013516499360225547,9.269291446567549e-05
0.2115,0.00016877560441134188,0.00017560462865733208
0.2125,0.00012998930607642997,9.042901400783051e-05
0.2135,0.00012986769160187056,8.705336086061887e-05
0.2145,0.00015242516544959663,0.0001156634522739619
0.2155,0.0001243571378270515,0.00013545026262231394
0.2165,0.00013925676398488028,9.002512488786237e-05
0.2175,0.00012398616596949677,0.00010263870118749605
0.2185,0.00013394666830830312,0.00010624524537293245
0.2195,0.0001160642589786225,8.052666649744947e-05
0.2205,0.00014262269929510434,0.00011076851381416418
0.2215,0.00011750924180609326,8.100885353101688e-05
0.2225,0.00014102816829168172,0.00012955112863960295
0.2235,0.00012386066438917282,9.061322787141929e-05
0.2245,0.0001381720691036179,0.00011853975836004997
0.2255,0.00011985939986434227,9.224211407855106e-05
0.2265,0.00015219716335356426,0.0001320524798495931
0.2275,0.00011231166707142828,9.026045534008422e-05
0.2285,0.0001363335803612486,0.00010005100833875007
0.2295,0.00013902709321234866,0.00013935117787472926
0.2305,0.00012644288247434926,0.00010213001619476508
0.2315,0.00011099337291324351,7.362669037533465e-05
0.2325,0.00015198371847865421,0.00017046322380534482
0.2335,0.00010001589254639862,7.193198154971102e-05
0.23450000000000001,0.00013683463003993178,9.248735070779188e-05
0.23550000000000001,0.00011691504169644961,0.00011538401267572174
0.23650000000000002,0.00013540903348272486,0.0001318928160763594
0.23750000000000002,0.00010918076136657918,7.035168806545671e-05
0.23850000000000002,0.00013060507286619675,0.00011000666571692832
0.2395,0.00010925044288402965,9.114112295410142e-05
0.2405,0.00013731900474241805,0.00010634324561528601
0.2415,9.376765152739466e-05,7.28178927396462e-05
0.2425,0.0001255826948325049,9.120255618351892e-05
0.2435,0.00011303676343147122,9.403384217438386e-05
0.2445,0.0001254725870652038,9.513686814319797e-05
0.2455,0.00010324210853083886,0.00011043740150879954
0.2465,0.00013381382666505134,0.00014223214591727872
0.2475,0.00010491506544120292,0.00012120463319903791
0.2485,0.00013139956862243053,0.00016568448035186333
0.2495,8.919920926873553e-05,6.333190178436994e-05
0.2505,0.00015099768591060882,0.00019063738503389172
0.2515,0.00011022437656542447,0.00010889487856638092
0.2525,0.00012468810282929336,0.00017417978371970285
0.2535,0.00013154119742405155,0.00022583883830865217
0.2545,0.00010300302634027035,7.230964895252246e-05
0.2555,0.0001291490001759786,0.00014146135839221478
0.2565,0.00012070358801909957,0.00024032645432513753
0.2575,0.00012038693328638808,0.0001756411832944411
0.2585,0.00012956811902673976,0.00022579444841840438
0.2595,0.00010034363997674767,6.995903131889944e-05
0.2605,9.814665044078124e-05,7.209709136429379e-05
0.2615,0.0001371682720026734,0.00018902443088272057
0.2625,9.041592658362884e-05,7.33744332131269e-05
0.2635,0.00011134675450030016,7.743495487423603e-05
0.2645,0.0001182629589281923,0.0001618772495387819
0.2655,0.00010505932581828416,7.125156569442804e-05
0.2665,9.798882923253152e-05,8.675073083908255e-05
0.2675,0.00010745755525776929,8.26026104717104e-05
0.2685,0.00010306783376209828,9.347825766272315e-05
0.2695,0.00011447941914617033,0.00010221814148547172
0.2705,9.844761529705445e-05,7.850910440435921e-05
0.2715,0.00011241879510431497,0.00011670722827572664
0.2725,9.661221658246743e-05,8.827731199727133e-05
0.2735,0.00011224875444731125,8.39185500187019e-05
0.2745,8.90846297234928e-05,8.878952303883533e-05
0.2755,0.00010565371864466034,9.44327683581177e-05
0.2765,0.00010119223996169524,8.424992415657464e-05
0.2775,0.00010087598845560476,8.63793106509609e-05
0.2785,9.841403144696422e-05,8.802265085126887e-05
0.2795,0.00011018263671839084,8.435873478082145e-05
0.2805,8.298851846780237e-05,7.174655297622632e-05
0.28150000000000003,0.00011071279862925129,7.259391096395363e-05
0.28250000000000003,9.29438486349364e-05,8.724819949260591e-05
0.28350000000000003,0.0001017106262358593,6.913971683540298e-05
0.28450000000000003,8.927845724598658e-05,6.195223329748779e-05
0.28550000000000003,0.0001118699497677278,0.00011393822174627929
0.28650000000000003,8.494161602431898e-05,6.23001632968365e-05
0.28750000000000003,0.00010546066360352121,7.685649043489991e-05
0.2885,8.171596238489525e-05,6.43531062081984e-05
0.2895,0.0001134554135696299,0.0001470363049420915
0.2905,8.228540770172855e-05,6.662319011230534e-05
0.2915,0.00010521226390219324,7.931350500960605e-05
0.2925,0.00010179218931462709,0.00015148560119308325
0.2935,8.412112767245884e-05,5.730833112534858e-05
0.2945,0.00010015314218179068,8.592002696435706e-05
0.2955,8.828151935663383e-05,6.33496800883108e-05
0.2965,9.979217525577354e-05,0.00013012185724381773
0.2975,9.164133023285686e-05,8.083187899289786e-05
0.2985,9.617518293855343e-05,7.897079199587974e-05
0.2995,8.67634886678099e-05,6.545310176787777e-05
0.3005,9.955548231546489e-05,0.00011280669907871308
0.3015,8.057645959844342e-05,5.675195372195507e-05
0.3025,0.00010440975687226946,0.00010730915739997131
0.3035,8.564907964164974e-05,7.143746549362361e-05
0.3045,8.930016967381015e-05,6.883763466819259e-05
0.3055,8.392725022696779e-05,7.93544888879597e-05
0.3065,9.299260895574495e-05,9.191584588461356e-05
0.3075,8.009765745384084e-05,6.107647951548347e-05
0.3085,9.76933663172767e-05,9.030514164304833e-05
0.3095,7.527254495298772e-05,5.599448425031505e-05
0.3105,9.653462848256765e-05,9.579956010071865e-05
0.3115,7.790954859553913e-05,6.883781029786092e-05
0.3125,9.05009270818009e-05,7.305719717923357e-05
0.3135,8.028576702948583e-05,7.797564388254556e-05
0.3145,9.029679451367126e-05,7.54314786225665e-05
0.3155,7.301750942258412e-05,5.249252334726385e-05
0.3165,8.444865782337607e-05,6.020187651112698e-05
0.3175,8.137083164210482e-05,7.982162050340134e-05
0.3185,8.282274059606012e-05,6.291459235587502e-05
0.3195,6.89699938302348e-05,4.563117331771483e-05
0.3205,9.471389717099503e-05,8.864291238847228e-05
0.3215,6.675143585770237e-05,5.020988161861451e-05
0.3225,8.289133064736455e-05,5.697884498600994e-05
0.3235,7.160765532369907e-05,5.210315375402631e-05
0.3245,8.608730622199364e-05,9.343829275190306e-05
0.3255,6.989280209230096e-05,4.796923036936387e-05
0.3265,8.909405774428071e-05,7.596254230516868e-05
0.3275,6.451273319203337e-05,4.419436726334408e-05
0.3285,9.527994168003494e-05,0.00011615093034832625
0.3295,7.247904617383493e-05,9.209705701709269e-05
0.3305,8.585904248208509e-05,6.427354011510378e-05
0.3315,7.238306612300326e-05,7.452541283004923e-05
0.3325,8.681552076886263e-05,8.960041623985868e-05
0.3335,7.338622093133186e-05,5.0048404289123696e-05
0.3345,8.015534690660175e-05,6.126247770342452e-05
0.3355,7.853947950170024e-05,9.234879777393053e-05
0.3365,7.268624671470937e-05,5.114609489628476e-05
0.3375,7.006960904302849e-05,4.598405542976803e-05
0.3385,8.225890759669819e-05,7.807669108878796e-05
0.3395,7.039622136862967e-05,4.7765783580818e-05
0.3405,6.845659337678e-05,4.943479904230764e-05
0.3415,7.69034634451285e-05,5.4295143861963745e-05
0.3425,7.653213816752335e-05,9.041710775653882e-05
0.3435,7.623260193138844e-05,5.607590601354061e-05
0.34450000000000003,6.747586245208921e-05,4.8547021704111396e-05
0.34550000000000003,8.26001004636376e-05,0.00010104225001780236
0.34650000000000003,6.756141709404473e-05,5.055273738626557e-05
0.34750000000000003,7.318323190273152e-05,5.5342114148260166e-05
0.34850000000000003,6.89713933103611e-05,5.405473723645216e-05
0.34950000000000003,7.355060584535821e-05,6.87738912920635e-05
0.35050000000000003,6.989267323496314e-05,7.514982814398935e-05
0.35150000000000003,7.270810491918161e-05,4.7434353050014056e-05
0.3525,7.383698372466706e-05,7.510732847442049e-05
0.3535,6.925866815122976e-05,4.487960325634825e-05
0.3545,6.659066887889014e-05,4.9656834832193176e-05
0.3555,7.107852572071521e-05,4.969259393534634e-05
0.3565,6.689551277012289e-05,6.634097276870045e-05
0.3575,7.181775708684315e-05,4.8898330952245825e-05
0.3585,6.136063177742417e-05,4.906680198304696e-05
0.3595,7.911410285106664e-05,8.967750663277675e-05
0.3605,6.145970384867025e-05,4.6861220515197754e-05
0.3615,7.095723253050035e-05,5.1102261315744806e-05
0.3625,6.173353185301536e-05,4.7704612444725925e-05
0.3635,7.707584461193575e-05,8.841715827685201e-05
0.3645,6.502252821260003e-05,5.496801126883538e-05
0.3655,7.291156190605954e-05,5.719461887084569e-05
0.3665,6.632256737203299e-05,6.13698311542302e-05
0.3675,7.884194152335314e-05,5.9816460735378775e-05
0.3685,6.114467730514046e-05,4.6122426526777564e-05
0.3695,6.780384142535421e-05,4.7954476906943246e-05
0.3705,6.650057527517272e-05,6.075115154695981e-05
0.3715,6.98944312399515e-05,4.731392692236518e-05
0.3725,6.302878355957061e-05,5.393376844539879e-05
0.3735,7.182904747995486e-05,6.139419809565269e-05
0.3745,5.787378945077485e-05,4.678625409956027e-05
0.3755,7.528600963867127e-05,5.264424124714357e-05
0.3765,6.448757085758984e-05,6.174572864057202e-05
0.3775,7.148404172173289e-05,7.412570362123353e-05
0.3785,6.685722212577421e-05,5.370323251649795e-05
0.3795,6.297574568107412e-05,5.852666027842088e-05
0.3805,7.600681233432088e-05,0.00010319811930774544
0.3815,5.7211404179817705e-05,3.769831681030787e-05
0.3825,7.130986376023162e-05,7.676446644138926e-05
0.3835,5.815147387186602e-05,3.8332172434941554e-05
0.3845,7.223430299884501e-05,0.00010844820522960617
0.3855,6.43737667861277e-05,6.631153725340142e-05
0.3865,6.581940238878969e-05,4.541267698714763e-05
0.3875,5.6148847035178195e-05,3.9260690575234136e-05
0.3885,8.026721954650281e-05,0.00011001796191492868
0.3895,5.5192123297220926e-05,3.982036814138196e-05
0.3905,6.677564656887889e-05,5.296052564753763e-05
0.3915,6.733677706089413e-05,9.328060601613554e-05
0.3925,6.351316707369742e-05,4.643432685352512e-05
0.3935,5.658528377424709e-05,4.030952487259268e-05
0.3945,6.751458467687875e-05,6.470481492670089e-05
0.3955,6.034716886822908e-05,5.550181153874613e-05
0.3965,6.62514236078572e-05,5.611604974827428e-05
0.3975,5.648267871295531e-05,5.0887547962173773e-05
0.3985,7.197075499941077e-05,7.811946064751468e-05
0.3995,5.229943313605701e-05,3.704521769162307e-05
0.4005,6.35573385980752e-05,5.226044985903898e-05
0.4015,5.6870862441936995e-05,4.019366926652537e-05
0.4025,6.476472168564354e-05,5.989393298505e-05
0.4035,5.4535396951655945e-05,4.201711863073755e-05
0.4045,6.258553323742616e-05,4.4857859159180385e-05
0.4055,5.452172389874532e-05,4.6382737698804865e-05
0.40650000000000003,6.366503680114989e-05,4.495937000586287e-05
0.40750000000000003,5.357686257155431e-05,3.896287317982399e-05
0.40850000000000003,6.632646912907532e-05,4.8540482465587e-05
0.40950000000000003,5.4220674971225524e-05,4.4338683219628e-05
0.41050000000000003,6.130195067532683e-05,4.7882748518567116e-05
0.41150000000000003,5.3440659289302e-05,4.028051193834718e-05
0.41250000000000003,6.519567667385501e-05,5.69140770440844e-05
0.41350000000000003,4.8735735358107726e-05,3.641666199964025e-05
0.41450000000000004,6.352560177976698e-05,4.236178379434669e-05
0.41550000000000004,5.073763696720567e-05,3.7493129525884276e-05
0.4165,6.56745740545322e-05,7.493164406111265e-05
0.4175,5.496763340392128e-05,3.8891569992522966e-05
0.4185,5.5370031834834106e-05,3.982293239923506e-05
0.4195,6.222538226194563e-05,7.513272230205855e-05
0.4205,5.230888151969035e-05,3.754302479768038e-05
0.4215,5.584016525410967e-05,3.6768806028475e-05
0.4225,5.357784248207827e-05,4.063846268268457e-05
0.4235,6.121319007692227e-05,7.21607102679175e-05
0.4245,5.2806276425631634e-05,4.0705005759557664e-05
0.4255,5.4947496876198925e-05,3.4416353937520755e-05
0.4265,5.3817244870127176e-05,6.059523298642904e-05
0.4275,5.6481309302785326e-05,3.757934666765555e-05
0.4285,5.113400422094025e-05,3.714428658292473e-05
0.4295,5.650290078980315e-05,3.6645629538241916e-05
0.4305,5.3690189006590045e-05,5.125764649604301e-05
0.4315,5.812207458892724e-05,4.508783037338276e-05
0.4325,5.2933184394628076e-05,4.049519992343872e-05
0.4335,5.845189191853554e-05,6.0984331882043675e-05
0.4345,5.1043709246010344e-05,4.013340308417065e-05
0.4355,5.886054651933322e-05,5.070789480333779e-05
0.4365,4.715433633581815e-05,3.588780043799863e-05
0.4375,6.166931552371594e-05,7.012523974400806e-05
0.4385,4.6972959798639536e-05,4.245211053050328e-05
0.4395,5.4246113057537116e-05,3.5895703656234165e-05
0.4405,5.3639861683685e-05,5.715808206567509e-05
0.4415,5.375268616140885e-05,3.803840619355168e-05
0.4425,4.924355972385159e-05,3.4688959790632554e-05
0.4435,5.3019538569675654e-05,3.484017210035567e-05
0.4445,5.2421168382616395e-05,6.02540655083628e-05
0.4455,5.6399132103010524e-05,3.7943371212540286e-05
0.4465,4.3804981687764156e-05,3.1059513923488627e-05
0.4475,6.17113433570683e-05,6.569714161560191e-05
0.4485,4.985024181152375e-05,3.859113668711787e-05
0.4495,5.361834895120263e-05,4.079149585473751e-05
0.4505,4.901455422608591e-05,4.431537402485973e-05
0.4515,5.917612993272124e-05,7.45773141969168e-05
0.4525,4.609405599308195e-05,4.0771256629665245e-05
0.4535,5.620383725319239e-05,4.624630238061511e-05
0.4545,4.383019208589143e-05,3.2477615705885854e-05
0.4555,6.215662495670911e-05,8.715581638567396e-05
0.4565,4.3792104586144456e-05,3.190486205107202e-05
0.4575,5.357638662779904e-05,3.608083079642727e-05
0.4585,5.7713241316506025e-05,9.496637608247855e-05
0.4595,4.812469252733761e-05,3.043249236918361e-05
0.4605,4.8926310166939975e-05,3.4250055732252986e-05
0.4615,5.130350726346582e-05,4.6025050775677825e-05
0.4625,5.5798627879917624e-05,8.112849051481526e-05
0.4635,4.626395465176966e-05,3.1873668146212e-05
0.4645,5.4945457546516886e-05,7.023521183660394e-05
0.4655,4.954950901058593e-05,5.016116702650011e-05
0.4665,4.92638721808737e-05,3.24190244911731e-05
0.4675,4.924588981104247e-05,6.295586740502756e-05
0.4685,5.0223854896368144e-05,3.4903602116215646e-05
0.46950000000000003,4.7744373934162e-05,4.195011613941755e-05
0.47050000000000003,5.1644363833579925e-05,4.450452002007518e-05
0.47150000000000003,4.5551419213318205e-05,3.116106722900786e-05
0.47250000000000003,5.1836562213944273e-05,5.0318039419523115e-05
0.47350000000000003,4.7678641092536256e-05,4.645290449059593e-05
0.47450000000000003,4.8504511000776587e-05,3.4380382783056045e-05
0.47550000000000003,4.3104280501684034e-05,3.093051779618299e-05
0.47650000000000003,5.475950720303331e-05,5.6232913235825056e-05
0.47750000000000004,4.162304833875614e-05,2.8478401250243878e-05
0.47850000000000004,4.7126101162311766e-05,3.1618250220565284e-05
0.47950000000000004,4.9680219010317584e-05,5.081720122538994e-05
0.4805,4.6071051679095167e-05,3.064399661413201e-05
0.4815,4.3986742729930004e-05,3.3234460632236816e-05
0.4825,4.724084163495975e-05,3.320719380113717e-05
0.4835,4.702085653184408e-05,5.5605536902433916e-05
0.4845,4.9281380274035925e-05,3.566052523838238e-05
0.4855,3.966690635686699e-05,2.9959457823923147e-05
0.4865,5.3542224183978723e-05,6.454214376782423e-05
0.4875,4.153976881749217e-05,3.0574754531126675e-05
0.4885,4.7515031090962434e-05,3.4223339957770506e-05
0.4895,4.2406200354877166e-05,3.192526413938425e-05
0.4905,5.380624837058151e-05,7.416299319819852e-05
0.4915,4.093713077503524e-05,3.11809499567534e-05
0.4925,5.16553093558349e-05,4.382730864910204e-05
0.4935,4.2352356313491445e-05,4.3541820240255066e-05
0.4945,5.238833154440415e-05,4.230335272138977e-05
0.4955,3.799481775680268e-05,2.6314028619673027e-05
0.4965,4.73602855432279e-05,3.31523339124441e-05
0.4975,4.617610290823019e-05,5.0676126004738504e-05
0.4985,4.7681690353084506e-05,3.668618106647745e-05
0.4995,3.8042721851953434e-05,3.163884902723145e-05
0.5005,5.717070776338633e-05,7.03353902154429e-05
0.5015000000000001,4.318343525336245e-05,3.3482628192358364e-05
0.5025,4.430522158573235e-05,3.329385646978442e-05
0.5035000000000001,4.258630421835147e-05,2.93050646516686e-05
0.5045,4.776930616348753e-05,5.8086932652861536e-05
0.5055000000000001,4.4025965846534e-05,3.116562437450226e-05
0.5065,4.123872198030954e-05,2.954664936941719e-05
0.5075000000000001,4.911713357864987e-05,5.061995680213115e-05
0.5085,4.1556012903587825e-05,3.137332805861801e-05
0.5095000000000001,4.644458508701095e-05,3.718583291243405e-05
0.5105,4.176567305861538e-05,3.317078382466574e-05
0.5115000000000001,4.5710151641086116e-05,3.8912582347224746e-05
0.5125,4.2386212572563315e-05,3.467150781052528e-05
0.5135000000000001,4.575359732823827e-05,3.423977788521076e-05
0.5145,4.157418206066197e-05,3.247994652675568e-05
0.5155000000000001,4.9524038458380024e-05,4.260934825874439e-05
0.5165,3.946441989096804e-05,2.93068709986299e-05
0.5175000000000001,4.700120441961837e-05,4.043923650620549e-05
0.5185,4.4094813905032165e-05,4.52133951729468e-05
0.5195000000000001,4.362348670818111e-05,3.2800502348088235e-05
0.5205,4.355611780593081e-05,4.317754742570339e-05
0.5215000000000001,4.663459607124303e-05,3.5123321154721105e-05
0.5225,4.190980914232077e-05,4.726469939074988e-05
0.5235000000000001,5.121957238056682e-05,5.093307578248235e-05
0.5245,3.853484219779646e-05,2.859308299672761e-05
0.5255000000000001,4.8926861848760394e-05,5.390807374246464e-05
0.5265,4.2506148449480724e-05,4.470973917422912e-05
0.5275000000000001,4.500755624006424e-05,3.299386616376893e-05
0.5285,4.077891548796826e-05,3.5652187146677316e-05
0.5295000000000001,4.9361862702009565e-05,5.399523132332901e-05
0.5305,3.919151731043065e-05,3.210811665894997e-05
0.5315000000000001,4.584379839058754e-05,3.7009132845927554e-05
0.5325,4.0908991860204085e-05,4.306071909547693e-05
0.5335000000000001,4.670023753792658e-05,3.848353378049849e-05
0.5345,3.8017499157028135e-05,2.8419942157170643e-05
0.5355000000000001,4.657771433694723e-05,4.370992652589503e-05
0.5365,4.106857798142476e-05,3.6998923892161133e-05
0.5375000000000001,4.481304710276308e-05,3.546181345603496e-05
0.5385,4.041884374063635e-05,4.7642605680971607e-05
0.5395000000000001,4.9048789465712084e-05,4.34479221811112e-05
0.5405,3.6209652686035635e-05,3.0968973117850446e-05
0.5415000000000001,4.8177289518997124e-05,4.097498012809701e-05
0.5425,3.877732033409651e-05,2.9064503932170127e-05
0.5435000000000001,4.263836038759225e-05,3.9622413981572216e-05
0.5445,4.2029331059526656e-05,3.424310174616464e-05
0.5455000000000001,4.0093400842785034e-05,3.0314971167749252e-05
0.5465,4.105373294054667e-05,3.4393457028592266e-05
0.5475000000000001,4.0010989970030734e-05,3.104280208915944e-05
0.5485,3.885872002480457e-05,2.8749400272368038e-05
0.5495000000000001,3.894096452195556e-05,3.2442244670722985e-05
0.5505,4.350330510291288e-05,3.758457991701168e-05
0.5515000000000001,3.688985441300319e-05,2.8283244310172658e-05
0.5525,4.192570436298013e-05,3.165706713267183e-05
0.5535000000000001,3.964161765641229e-05,3.1187411937108656e-05
0.5545,4.104290984510795e-05,3.0767020760348436e-05
0.5555000000000001,3.6451122689503075e-05,2.8385812927923213e-05
0.5565,4.000477082623176e-05,2.9313539028710205e-05
0.5575000000000001,3.8111918070158214e-05,3.101880638865691e-05
0.5585,3.9042674268882376e-05,3.037193347622131e-05
0.5595000000000001,3.6979262428253146e-05,2.786525178754538e-05
0.5605,4.185798524443422e-05,3.7006250492663285e-05
0.5615000000000001,3.66242922303072e-05,3.9065840203813614e-05
0.5625,4.27471101466156e-05,3.281866321958223e-05
0.5635000000000001,3.45769816299666e-05,2.7374888201333902e-05
0.5645,4.534627112260489e-05,5.338509230006733e-05
0.5655000000000001,3.718047686029779e-05,3.0543366711877406e-05
0.5665,3.908561145856133e-05,3.0604059113968136e-05
0.5675000000000001,4.256446951950579e-05,5.531177623514986e-05
0.5685,4.1522586765850324e-05,3.253723434951608e-05
0.5695000000000001,3.39982594892362e-05,2.9937090927224383e-05
0.5705,4.362264229654377e-05,4.551861164106468e-05
0.5715000000000001,3.7790493889295335e-05,3.6931759353895934e-05
0.5725,3.919892515735716e-05,2.9330315664765593e-05
0.5735000000000001,3.7435342764199615e-05,3.732597873634164e-05
0.5745,4.1427722980649674e-05,3.5286602002861746e-05
0.5755000000000001,3.493187228188224e-05,2.907405299392907e-05
0.5765,4.147682389751677e-05,3.6098529664021456e-05
0.5774999999999999,3.430845172329099e-05,2.978027141969095e-05
0.5785,4.1420436358107017e-05,3.465348642174362e-05
0.5794999999999999,3.412396245647787e-05,3.001549120430781e-05
0.5805,4.1550377780134866e-05,3.419194834457951e-05
0.5814999999999999,3.259964437824539e-05,2.5894301401372677e-05
0.5825,3.962334310748991e-05,2.977011129560982e-05
0.5834999999999999,3.688267181685428e-05,3.1360457201306306e-05
0.5845,3.559074761525695e-05,2.7713781019448622e-05
0.5854999999999999,3.7589049422589795e-05,2.9519612698600036e-05
0.5865,3.9202426459044756e-05,3.477380892397142e-05
0.5874999999999999,3.4529714419644734e-05,2.687006648895462e-05
0.5885,3.85926002488983e-05,3.190664811154106e-05
0.5894999999999999,3.836518754478315e-05,3.250083117554157e-05
0.5905,3.301224248458615e-05,2.780385341921065e-05
0.5914999999999999,3.881871628696653e-05,3.124661582283031e-05
0.5925,3.623492873214748e-05,3.193494934193102e-05
0.5934999999999999,3.7113283165485595e-05,2.9985455531459408e-05
0.5945,3.575650705039317e-05,2.9772921745894366e-05
0.5954999999999999,3.7968336717462594e-05,3.196073124276128e-05
0.5965,3.5321858276175516e-05,3.0082848304309967e-05
0.5974999999999999,3.918936606145431e-05,3.565134497968234e-05
0.5985,3.469590682162697e-05,2.9153693045761056e-05
0.5994999999999999,3.819304265109779e-05,3.562149412368205e-05
0.6005,3.539687444917659e-05,3.5167349528882194e-05
0.6014999999999999,4.017676263351685e-05,3.712820382201117e-05
0.6025,3.290409275916005e-05,3.127228443472558e-05
0.6034999999999999,3.76329400641093e-05,3.035601174766511e-05
0.6045,3.398451572933712e-05,3.166556096847759e-05
0.6054999999999999,3.569395263221914e-05,2.7778716985754605e-05
0.6065,3.462350282746229e-05,2.8050348245234367e-05
0.6074999999999999,3.728956983439125e-05,3.240170102835771e-05
0.6085,3.0345083919071563e-05,2.530529061441136e-05
0.6094999999999999,3.836865415647613e-05,3.0278303214274002e-05
0.6105,3.197184274949968e-05,2.9414954701466425e-05
0.6114999999999999,3.51163859090122e-05,2.765272377610553e-05
0.6125,3.281474215055622e-05,2.7359847886058666e-05
0.6134999999999999,3.711022724404624e-05,3.333049493921282e-05
0.6145,3.265908933944165e-05,2.7559838719291814e-05
0.6154999999999999,3.6793534873723164e-05,3.0022703086524373e-05
0.6165,3.0347198820153167e-05,2.711948742946673e-05
0.6174999999999999,3.921700056098227e-05,3.400642063353359e-05
0.6185,3.0275550877997675e-05,2.559110468772727e-05
0.6194999999999999,3.698784391434462e-05,3.105202683891236e-05
0.6205,3.211218265063562e-05,2.9547943918833697e-05
0.6214999999999999,3.565214733639115e-05,2.8736289115975712e-05
0.6225,3.0971090920111865e-05,2.7545869773277396e-05
0.6234999999999999,3.540773307232726e-05,2.807878063221874e-05
0.6245,3.0387750751622906e-05,2.7324538588586027e-05
0.6255,3.6659215092390096e-05,2.9833363131053334e-05
0.6265000000000001,3.110676759817563e-05,2.4499059092746606e-05
0.6275,3.563699480878822e-05,2.9576179604890997e-05
0.6285000000000001,3.246238888882859e-05,2.5307511957037334e-05
0.6295,3.2573368055599834e-05,2.6451046523661996e-05
0.6305000000000001,3.284583605782699e-05,2.5656117352081635e-05
0.6315,3.2065843066622616e-05,2.6873553661156366e-05
0.6325000000000001,3.5255091023727794e-05,3.3632567246059626e-05
0.6335,3.214874183172588e-05,2.5995496025190497e-05
0.6345000000000001,3.051017213264887e-05,2.276969842377863e-05
0.6355,3.508266553807589e-05,3.630914280494605e-05
0.6365000000000001,3.2065799003743104e-05,2.5204434702188496e-05
0.6375,2.9202275643256388e-05,2.3107310196987485e-05
0.6385000000000001,3.6523004893928066e-05,3.724387846895172e-05
0.6395,3.043018635090043e-05,2.6062141697753563e-05
0.6405000000000001,3.251293529397127e-05,2.5324958717310804e-05
0.6415,3.25164535640939e-05,3.5970056554954794e-05
0.6425000000000001,3.281067345294918e-05,2.609371043986814e-05
0.6435,3.106454292054071e-05,2.6593918910922117e-05
0.6445000000000001,3.436577259511578e-05,3.237644315910611e-05
0.6455,3.075244215680805e-05,2.6713010314465383e-05
0.6465000000000001,3.25174743759283e-05,2.61676457107159e-05
0.6475,3.2136345251778845e-05,3.388349794514076e-05
0.6485000000000001,3.3172401588339155e-05,2.8356606856248946e-05
0.6495,2.870933267912908e-05,2.4668094472439788e-05
0.6505000000000001,3.3699402005951745e-05,3.0184865235032897e-05
0.6515,2.9474119729571356e-05,2.703860101392971e-05
0.6525000000000001,3.308856119150285e-05,2.8041983125062223e-05
0.6535,2.9658001299782723e-05,2.5744757915815404e-05
0.6545000000000001,3.1659565986070446e-05,2.5494648469561404e-05
0.6555,2.8578647593139947e-05,2.694496925562603e-05
0.6565000000000001,3.348205665165571e-05,2.740284676329439e-05
0.6575,2.661663697137123e-05,2.3479298060727124e-05
0.6585000000000001,3.3595647793657535e-05,2.7481840049404682e-05
0.6595,2.7287371125088717e-05,2.2643625166350802e-05
0.6605000000000001,3.1230786585721854e-05,2.4672665992282275e-05
0.6615,2.797849666123038e-05,2.4968193565510065e-05
0.6625000000000001,3.085210182418098e-05,2.4165289138327254e-05
0.6635,2.6563901303642e-05,2.2925898011852937e-05
0.6645000000000001,3.4001587678786896e-05,2.9310625751922906e-05
0.6655,2.6622407848241365e-05,2.2511483477390764e-05
0.6665000000000001,3.17992937569875e-05,2.738677127027646e-05
0.6675,3.0377053301652813e-05,2.75848693380928e-05
0.6685000000000001,2.959054923764495e-05,2.470797110071485e-05
0.6695,2.9148883665794603e-05,2.5193132489577588e-05
0.6705000000000001,3.044424937046913e-05,2.5264682814891404e-05
0.6715,2.9614687952072403e-05,2.5092767460797773e-05
0.6725000000000001,2.84247802851152e-05,2.494524689652214e-05
0.6735,3.029490014003078e-05,2.5303194784278586e-05
0.6745000000000001,2.8732014118088143e-05,2.7630961143748986e-05
0.6755,2.8757456555753977e-05,2.494233056393958e-05
0.6765000000000001,2.83986991863788e-05,2.4546414779458892e-05
0.6775,3.061249849841023e-05,2.7589580902535248e-05
0.6785000000000001,2.7304379406072055e-05,2.523321736364463e-05
0.6795,3.0333690868283283e-05,2.5414676118042908e-05
0.6805000000000001,2.8154838588515836e-05,2.5433953472093517e-05
0.6815,2.8147571473709636e-05,2.4234741997125826e-05
0.6825000000000001,2.9706929389233602e-05,2.775531460223973e-05
0.6835,2.8084852764133106e-05,2.3312122053859972e-05
0.6845000000000001,2.802916758136437e-05,2.6344260946499042e-05
0.6855,3.0218926853844123e-05,2.5395458731641584e-05
0.6865000000000001,2.6533961201693412e-05,2.4811617803586853e-05
0.6875,3.137909985291812e-05,2.8358906244578504e-05
0.6885000000000001,2.6257169714551934e-05,2.3146759880590578e-05
0.6895,2.9914864043932894e-05,2.890420579703888e-05
0.6905000000000001,2.641711755076279e-05,2.4264283818759226e-05
0.6915,3.0827778826017683e-05,2.848178083382453e-05
0.6925000000000001,2.682213151240063e-05,2.5239131631876338e-05
0.6935,2.9862493475919148e-05,2.462053021513276e-05
0.6945000000000001,2.696228069118549e-05,2.424852201251022e-05
0.6955,2.9953510628794784e-05,2.659080494017648e-05
0.6965000000000001,2.52467954812663e-05,2.1918093932762833e-05
0.6975,2.8615250898265115e-05,2.3168444114076717e-05
0.6985000000000001,2.728400631319614e-05,2.639771303051383e-05
0.6995,2.7440122032942367e-05,2.1881053859043906e-05
0.7005000000000001,2.5926438021642824e-05,2.345492317566296e-05
0.7015,2.7732789083762437e-05,2.3428083467373536e-05
0.7025000000000001,2.490998018235902e-05,2.1748050708713015e-05
0.7035,2.8038745473419904e-05,2.339985896296093e-05
0.7044999999999999,2.4436836836185977e-05,2.1698633337815838e-05
0.7055,3.0046893114507917e-05,2.621620903199695e-05
0.7064999999999999,2.3977840030872547e-05,2.0814803838172977e-05
0.7075,2.705692737179119e-05,2.2899571866907692e-05
0.7084999999999999,2.7752245052093405e-05,2.7377363667945712e-05
0.7095,2.676692801860466e-05,2.2726957303771758e-05
0.7104999999999999,2.546246356905795e-05,2.1590923777450485e-05
0.7115,2.7682498629946832e-05,2.474905783806792e-05
0.7124999999999999,2.5282347729427412e-05,2.2267347020916125e-05
0.7135,2.5699267554951094e-05,2.1925475108060916e-05
0.7144999999999999,2.7414915265106793e-05,2.4777824425982174e-05
0.7155,2.4807795234316892e-05,2.1805077698943154e-05
0.7164999999999999,2.679168794049359e-05,2.4289443896261505e-05
0.7175,2.7012442767502463e-05,2.698370852935958e-05
0.7184999999999999,2.639006596371025e-05,2.2323145110883477e-05
0.7195,2.50305286109926e-05,2.1601449846037447e-05
0.7204999999999999,2.8685516893048163e-05,3.0466218469784726e-05
0.7215,2.43991374889571e-05,2.271806275786227e-05
0.7224999999999999,2.5696158325241056e-05,2.2098676116081725e-05
0.7235,2.727586278438007e-05,3.189531310631376e-05
0.7244999999999999,2.6276320860928834e-05,2.3433506505531748e-05
0.7255,2.3471277655250336e-05,2.0980117273199658e-05
0.7264999999999999,2.8604679179737115e-05,2.7192478947491862e-05
0.7275,2.3051086381438122e-05,2.0730287892433867e-05
0.7284999999999999,2.4880072202062013e-05,2.1554549334209798e-05
0.7295,2.6061110249882357e-05,2.5775392106715606e-05
0.7304999999999999,2.5089432072590217e-05,2.1281246484199498e-05
0.7315,2.250268414027404e-05,2.0160764141019402e-05
0.7324999999999999,2.7515549319643826e-05,2.4758900391381783e-05
0.7335,2.2546288322701445e-05,2.0994069085276893e-05
0.7344999999999999,2.712084460044081e-05,2.4243717299167964e-05
0.7355,2.3545185872521756e-05,2.4204856340477845e-05
0.7364999999999999,2.5682950395436072e-05,2.3224533723379525e-05
0.7375,2.3458105443724388e-05,2.090796816160283e-05
0.7384999999999999,2.5998548977683693e-05,2.2510898918861253e-05
0.7395,2.2655502953344173e-05,2.1396358544077074e-05
0.7404999999999999,2.4906829112041804e-05,2.0008585403489693e-05
0.7415,2.244539165275952e-05,2.066355227258537e-05
0.7424999999999999,2.4880002904284095e-05,2.1436949812274536e-05
0.7435,2.2240253612220136e-05,1.9650366534942385e-05
0.7444999999999999,2.5798160018549473e-05,2.143004006696352e-05
0.7455,2.174086212034583e-05,2.0162195649139398e-05
0.7464999999999999,2.4919368992450483e-05,2.0712408243940448e-05
0.7475,2.2875296802809106e-05,1.9789623936570422e-05
0.7484999999999999,2.447827175766439e-05,2.1577858663086123e-05
0.7495,2.1175222216206336e-05,1.9048163977776505e-05
0.7505,2.5501603466091448e-05,2.231844783573376e-05
0.7515000000000001,2.2300964006522903e-05,1.987468053287289e-05
0.7525,2.428970994503007e-05,2.0581163234952446e-05
0.7535000000000001,2.2224348291703203e-05,2.004031071225513e-05
0.7545,2.3496338704958347e-05,2.0905838264514064e-05
0.7555000000000001,2.3746940771156858e-05,2.1170074097402102e-05
0.7565,2.2343572829452542e-05,2.023253884112101e-05
0.7575000000000001,2.2327971800260494e-05,2.0944032149011624e-05
0.7585,2.3918609666604748e-05,2.1500453474488673e-05
0.7595000000000001,2.242164585702663e-05,2.01324690574298e-05
0.7605,2.1936836195642647e-05,1.9667800810934244e-05
0.7615000000000001,2.3237701494298828e-05,2.0307609703303806e-05
0.7625,2.1520754673842645e-05,1.958470823776492e-05
0.7635000000000001,2.191472255969998e-05,1.855662982136067e-05
0.7645,2.1128223014016168e-05,1.8474216922862356e-05
0.7655000000000001,2.3381061811289433e-05,2.0438360774408388e-05
0.7665,2.0344260058467264e-05,1.8762372033242616e-05
0.7675000000000001,2.304312436642362e-05,1.975192349904253e-05
0.7685,2.1602895083833174e-05,1.989185162178255e-05
0.7695000000000001,2.164571518424613e-05,1.8735913413985293e-05
0.7705,2.1334213392416648e-05,1.8101350220117313e-05
0.7715000000000001,2.248052819990539e-05,1.9713387741871806e-05
0.7725,2.067290415979022e-05,1.9304836402868904e-05
0.7735000000000001,2.2559522338295178e-05,1.872039591461628e-05
0.7745,2.0483905917593386e-05,1.896185277085714e-05
0.7755000000000001,2.190665490359597e-05,1.9386111597757975e-05
0.7765,2.196952699012559e-05,1.8855212090400806e-05
0.7775000000000001,2.1138450073001515e-05,1.943594003916296e-05
0.7785,2.075329654993647e-05,1.831163295012196e-05
0.7795000000000001,2.2347444771180018e-05,1.855212114916307e-05
0.7805,1.9677287681040544e-05,1.781981043311044e-05
0.7815000000000001,2.3045608488329937e-05,2.0222959878459957e-05
0.7825,1.946831663239173e-05,1.7402888461276175e-05
0.7835000000000001,2.181008133314415e-05,1.867030238387656e-05
0.7845,1.981677381064592e-05,1.7708675026051647e-05
0.7855000000000001,2.1528211920422025e-05,1.8056452249441968e-05
0.7865,1.9972087897279574e-05,1.928405871962938e-05
0.7875000000000001,2.1561010475398393e-05,1.752447557014914e-05
0.7885,1.9117219286216725e-05,1.748517852231435e-05
0.7895000000000001,2.1609206338733584e-05,1.917030475976922e-05
0.7905,1.896445887098345e-05,1.7107470439579277e-05
0.7915000000000001,2.1548351097304893e-05,1.8788759173742263e-05
0.7925,1.942259249946785e-05,1.730499277923442e-05
0.7935000000000001,2.0565990951927168e-05,1.7520468986655675e-05
0.7945,2.0706932237105563e-05,1.845583985088632e-05
0.7955000000000001,1.9407704495130238e-05,1.6929852467588446e-05
0.7965,2.0002843767241026e-05,1.6888541149556343e-05
0.7975000000000001,2.081657753324018e-05,2.1090024853686027e-05
0.7985,2.0127026630533505e-05,1.7794993976618667e-05
0.7995000000000001,1.920742510818794e-05,1.7065941804640376e-05
0.8005,2.0772339724141935e-05,1.8966031414287375e-05
0.8015000000000001,1.8682633862554345e-05,1.6949697941407617e-05
0.8025,2.1058289831198267e-05,1.8460196087708255e-05
0.8035000000000001,1.870125986632968e-05,1.7538664503466663e-05
0.8045,2.034001461757392e-05,1.830633059676322e-05
0.8055000000000001,1.920822850577292e-05,1.7540214438060223e-05
0.8065,1.9768583981950794e-05,1.7231653961434916e-05
0.8075000000000001,1.956315270514132e-05,1.8967608417578942e-05
0.8085,2.018180277791296e-05,1.9189813630096106e-05
0.8095000000000001,1.8946930253669307e-05,1.7484219345051746e-05
0.8105,1.906506637096288e-05,1.6653731911751944e-05
0.8115000000000001,1.946901060391687e-05,2.0130968511017003e-05
0.8125,2.0517449171912152e-05,1.7938480770460135e-05
0.8135000000000001,1.7006733626189413e-05,1.5312751265650162e-05
0.8145,2.1587478009846632e-05,2.0911129662442957e-05
0.8155000000000001,1.8283820710069906e-05,1.7659595531538517e-05
0.8165,1.8707790235314067e-05,1.650319301308437e-05
0.8175000000000001,1.8870186560881246e-05,1.773035480378096e-05
0.8185,1.9299692756573737e-05,1.7501204354947437e-05
0.8195000000000001,1.7374035702841755e-05,1.6051677786670054e-05
0.8205,1.9624666062857108e-05,1.7040945919817873e-05
0.8215000000000001,1.771961557008337e-05,1.6738920992350514e-05
0.8225,1.915510767101078e-05,1.6382645874534624e-05
0.8235000000000001,1.835329858899338e-05,1.7363366217350888e-05
0.8245,1.8397863634198936e-05,1.6295495309337716e-05
0.8255000000000001,1.8093244040281894e-05,1.658898890386718e-05
0.8265,1.9426462636420472e-05,1.7034355365278704e-05
0.8275000000000001,1.6749321364747708e-05,1.58712512250146e-05
0.8285,1.998463313450632e-05,1.7565085618423462e-05
0.8295000000000001,1.745616192391911e-05,1.6748648732945187e-05
0.8305,1.8371570071521094e-05,1.6219838520949936e-05
0.8315000000000001,1.701124859958313e-05,1.601715646253218e-05
0.8325,1.9071375949353243e-05,1.660986376525055e-05
0.8334999999999999,1.7021051803755996e-05,1.5947123331974673e-05
0.8345,1.8014305641001746e-05,1.5653488910077957e-05
0.8354999999999999,1.7733901532328497e-05,1.4806617021644917e-05
0.8365,1.7154673335632245e-05,1.57946956723393e-05
0.8374999999999999,1.774357287237858e-05,1.4875430388038142e-05
0.8385,1.7592751820200883e-05,1.630030213307447e-05
0.8394999999999999,1.7770363532975503e-05,1.6198837217674683e-05
0.8405,1.7001191838837464e-05,1.524826962457888e-05
0.8414999999999999,1.811228395991041e-05,1.5579902087044343e-05
0.8425,1.6323537120256525e-05,1.4944420212845243e-05
0.8434999999999999,1.7415978321058068e-05,1.5004658616813987e-05
0.8445,1.6257927829165525e-05,1.4280414047877094e-05
0.8454999999999999,1.6949101019405833e-05,1.46871648080847e-05
0.8465,1.6383317454687516e-05,1.4263655145761003e-05
0.8474999999999999,1.7027282828144976e-05,1.48319646759718e-05
0.8485,1.5978656492248454e-05,1.4785414045922473e-05
0.8494999999999999,1.7487214170550107e-05,1.542969824152665e-05
0.8505,1.5885069327452675e-05,1.4593274980078718e-05
0.8514999999999999,1.7173963757309963e-05,1.56333870304544e-05
0.8525,1.6242360438615906e-05,1.483043753997399e-05
0.8534999999999999,1.7367249278238745e-05,1.5708370122921203e-05
0.8545,1.581352265070636e-05,1.4796530007191439e-05
0.8554999999999999,1.707098458633683e-05,1.4254696921069092e-05
0.8565,1.521792516266956e-05,1.3609540997503795e-05
0.8574999999999999,1.7410781036429143e-05,1.5892114156581902e-05
0.8585,1.532847442810221e-05,1.4123694919608399e-05
0.8594999999999999,1.6604387752977664e-05,1.4738408616640866e-05
0.8605,1.5726656178793886e-05,1.4959625092118094e-05
0.8614999999999999,1.711150931227056e-05,1.4131008713676779e-05
0.8625,1.4584538368937694e-05,1.3830453331250261e-05
0.8634999999999999,1.6553926579500666e-05,1.4327043691323793e-05
0.8645,1.5636691205934354e-05,1.4318347548953025e-05
0.8654999999999999,1.619008181054484e-05,1.395774388902222e-05
0.8665,1.4540924050893542e-05,1.3183548463901796e-05
0.8674999999999999,1.6997930997110876e-05,1.4835651755037939e-05
0.8685,1.4168840381300663e-05,1.3544249328404056e-05
0.8694999999999999,1.6578744876375305e-05,1.4533640354066303e-05
0.8705,1.4814103815974911e-05,1.3709519960170576e-05
0.8714999999999999,1.598558438994292e-05,1.4613932351559724e-05
0.8725,1.4468024836399248e-05,1.3616677710918823e-05
0.8734999999999999,1.597326449348811e-05,1.3893046458382762e-05
0.8745,1.3576571039469215e-05,1.2243242440699907e-05
0.8755,1.703582403348532e-05,1.5651689135826244e-05
0.8765000000000001,1.4424607146870648e-05,1.2511148663268766e-05
0.8775,1.4977302531638464e-05,1.4680037996146233e-05
0.8785000000000001,1.5244937119592897e-05,1.35526995166014e-05
0.8795,1.464402648959778e-05,1.3057914524352547e-05
0.8805000000000001,1.4830206269456196e-05,1.3435010332230938e-05
0.8815,1.4880144809001909e-05,1.324630352051814e-05
0.8825000000000001,1.4932704996627668e-05,1.2611932256472748e-05
0.8835,1.4395280398674794e-05,1.3345210583255882e-05
0.8845000000000001,1.5135001451577494e-05,1.362629455271221e-05
0.8855,1.528116572975569e-05,1.3842884338589129e-05
0.8865000000000001,1.4678049318137065e-05,1.3092505554297885e-05
0.8875,1.4118843167367078e-05,1.2743661348368359e-05
0.8885000000000001,1.625398904227721e-05,1.4966685632678582e-05
0.8895,1.3915599102767833e-05,1.280777234791886e-05
0.8905000000000001,1.5554708613438293e-05,1.3964588780193444e-05
0.8915,1.4520439233793092e-05,1.4160270485601517e-05
0.8925000000000001,1.484091800915587e-05,1.3397828743325104e-05
0.8935,1.4389960633348613e-05,1.4009799505556983e-05
0.8945000000000001,1.507408978266071e-05,1.4005378839560354e-05
0.8955,1.376710260848468e-05,1.2452958909419825e-05
0.8965000000000001,1.4881837534985672e-05,1.3007561311026897e-05
0.8975,1.3830340842070818e-05,1.3252669638461077e-05
0.8985000000000001,1.4465198228514335e-05,1.272208575336082e-05
0.8995,1.3695230143703364e-05,1.2730793715833196e-05
0.9005000000000001,1.450293459153971e-05,1.2178669598581707e-05
0.9015,1.3696471382577241e-05,1.402241438343691e-05
0.9025000000000001,1.4716824909898047e-05,1.3160025158643572e-05
0.9035,1.3759216136882954e-05,1.3535237576713853e-05
0.9045000000000001,1.4108413005914993e-05,1.2489636108270934e-05
0.9055,1.320524976668907e-05,1.2440838166261663e-05
0.9065000000000001,1.4569546053045976e-05,1.3739187203484238e-05
0.9075,1.3038383670309466e-05,1.2020671712809793e-05
0.9085000000000001,1.4436693116972927e-05,1.305202211243509e-05
0.9095,1.2950730844348132e-05,1.2582056082379488e-05
0.9105000000000001,1.4557191158110703e-05,1.3069429391996092e-05
0.9115,1.3152362602487933e-05,1.2600023794162024e-05
0.9125000000000001,1.3888675222582394e-05,1.2912713806259991e-05
0.9135,1.2815705067299872e-05,1.1972516891624534e-05
0.9145000000000001,1.4648891666845653e-05,1.326915973394238e-05
0.9155,1.2394852668388709e-05,1.153833878810456e-05
0.9165000000000001,1.4200816585976927e-05,1.2613939719020837e-05
0.9175,1.4312257101034348e-05,1.4050590734216326e-05
0.9185000000000001,1.2987206977254073e-05,1.1536132228210104e-05
0.9195,1.353194367202008e-05,1.193190119868904e-05
0.9205000000000001,1.3834298240879906e-05,1.2967569894106091e-05
0.9215,1.291357909858206e-05,1.1379579591768358e-05
0.9225000000000001,1.2999629241010285e-05,1.15655953756943e-05
0.9235,1.3386440504739886e-05,1.1705934062701454e-05
0.9245000000000001,1.289910565160218e-05,1.1893958501224242e-05
0.9255,1.3832858438722126e-05,1.2493310184106174e-05
0.9265000000000001,1.2414415714517973e-05,1.1347611064726195e-05
0.9275,1.3799601226648158e-05,1.2696425574498556e-05
0.9285000000000001,1.2594294452347353e-05,1.1434700208671746e-05
0.9295,1.3493075299509538e-05,1.2077581238316036e-05
0.9305000000000001,1.1795420553276028e-05,1.0979530193131497e-05
0.9315,1.4062570375894846e-05,1.3041306197479096e-05
0.9325000000000001,1.2431326629495534e-05,1.1364367643986997e-05
0.9335,1.278592209945673e-05,1.1405880030511866e-05
0.9345000000000001,1.303028082917912e-05,1.1913750048262627e-05
0.9355,1.3048990235585078e-05,1.1510764515768024e-05
0.9365000000000001,1.2088554880711325e-05,1.110409558792797e-05
0.9375,1.3468719966608027e-05,1.1842047209866334e-05
0.9385000000000001,1.2318483283207847e-05,1.133670203682249e-05
0.9395,1.2585740586056621e-05,1.0577436822747313e-05
0.9405000000000001,1.2007554561769846e-05,1.1159885200346676e-05
0.9415,1.3780844716034508e-05,1.246715928617609e-05
0.9425000000000001,1.1876987548115772e-05,1.0952674351600491e-05
0.9435,1.2706287147332723e-05,1.0953283710127396e-05
0.9445000000000001,1.2108280913183506e-05,1.2065401688045314e-05
0.9455,1.3333450193699915e-05,1.1748338286068103e-05
0.9465000000000001,1.1350656361313585e-05,1.0420881435143719e-05
0.9475,1.341233172501115e-05,1.2254810121725515e-05
0.9485000000000001,1.1801984434732565e-05,1.0714043799845542e-05
0.9495,1.2909470456048506e-05,1.1506265523183615e-05
0.9505000000000001,1.2241805752858392e-05,1.3076426662991128e-05
0.9515,1.2613681679100289e-05,1.0530912599553282e-05
0.9525000000000001,1.2169540172591491e-05,1.3585466946619273e-05
0.9535,1.277836479779322e-05,1.2052490569796808e-05
0.9545000000000001,1.130056522380527e-05,1.035937729322656e-05
0.9555,1.3283461407137742e-05,1.1865366587074489e-05
0.9565000000000001,1.0976774471407017e-05,1.0277863043175017e-05
0.9575,1.3161100439312695e-05,1.1987977415733177e-05
0.9585000000000001,1.1834797211319388e-05,1.1167307491631697e-05
0.9595,1.2508318957900684e-05,1.1591022137753181e-05
0.9604999999999999,1.1931536011449381e-05,1.0310737027405938e-05
0.9615,1.2133477981442157e-05,1.1252661281937097e-05
0.9624999999999999,1.1838271975909327e-05,1.0626283264851912e-05
0.9635,1.2125281163469876e-05,1.0844881547479838e-05
0.9644999999999999,1.1587806429503188e-05,1.0169610068219516e-05
0.9655,1.1484899881539961e-05,1.1015388076489533e-05
0.9664999999999999,1.2178891004549505e-05,1.0549447967782843e-05
0.9675,1.159668712948628e-05,1.0760057587061874e-05
0.9684999999999999,1.1390754906001411e-05,9.933334285739626e-06
0.9695,1.1563813433020322e-05,1.0457419619917137e-05
0.9704999999999999,1.199099598996427e-05,1.0608866153238224e-05
0.9715,1.0991855737743324e-05,1.0640278118355546e-05
0.9724999999999999,1.1698867010407034e-05,1.0088010982240315e-05
0.9735,1.1338800545996725e-05,1.0148509967537176e-05
0.9744999999999999,1.130968705531739e-05,1.0577612079349321e-05
0.9755,1.1106699387491008e-05,1.0398553597704668e-05
0.9764999999999999,1.1912447768945556e-05,1.0625270037723152e-05
0.9775,1.0914983938586578e-05,1.0079973333927889e-05
0.9784999999999999,1.1570077312305423e-05,9.671370848155356e-06
0.9795,1.1214303029030469e-05,1.0733246376375633e-05
0.9804999999999999,1.1957985375767028e-05,1.0324232043612684e-05
0.9815,1.0732065117744916e-05,9.693643367698484e-06
0.9824999999999999,1.1350901188783254e-05,9.686820173603405e-06
0.9835,1.054310441355881e-05,1.0134936301552378e-05
0.9844999999999999,1.179297722952473e-05,1.0563058753290155e-05
0.9855,1.0689713889081812e-05,1.018149903661164e-05
0.9864999999999999,1.122400116561311e-05,9.390485753751131e-06
0.9875,1.0820331413331924e-05,1.0435098895461997e-05
0.9884999999999999,1.1536656024549226e-05,1.0163718136188535e-05
0.9895,1.0328335121720054e-05,9.614020878705e-06
0.9904999999999999,1.0968023393015476e-05,9.334787151952813e-06
0.9915,1.0649722099200722e-05,1.0137179139868029e-05
0.9924999999999999,1.1517234333387413e-05,9.907703080810006e-06
0.9935,1.0119974809519068e-05,9.610949133981217e-06
0.9944999999999999,1.2012501597769266e-05,1.1229775812222421e-05
0.9955,9.983210235419845e-06,9.346617727413363e-06
0.9964999999999999,1.1107010823037979e-05,9.775562916212677e-06
0.9975,1.0158934274765484e-05,9.60176828134688e-06
0.9984999999999999,1.1433464306006185e-05,1.0189978988636926e-05
0.9995,0.0007970137382940263,0.0008062841418501627
